Periode,Provinsi,Luas Panen (Ha),Produksi Padi (Ton-GKG),Produktivitas (Ton/Ha)
2018-01-01,ACEH,14541.53,76118.47,5.23
2018-02-01,ACEH,27075.77,142876.76,5.28
2018-03-01,ACEH,66403.96,375841.91,5.66
2018-04-01,ACEH,58507.03,336742.80,5.76
2018-05-01,ACEH,16867.65,96372.36,5.71
2018-06-01,ACEH,6574.29,37912.07,5.77
2018-07-01,ACEH,16175.29,93821.52,5.8
2018-08-01,ACEH,24947.79,142895.96,5.73
2018-09-01,ACEH,34889.21,192853.32,5.53
2018-10-01,ACEH,25948.67,153129.92,5.9
2018-11-01,ACEH,21600.78,126142.58,5.84
2018-12-01,ACEH,15983.81,86859.43,5.43
2019-01-01,ACEH,8950.14,42459.41,4.74
2019-02-01,ACEH,34950.49,176086.76,5.04
2019-03-01,ACEH,71296.11,385742.63,5.41
2019-04-01,ACEH,33825.48,194414.30,5.75
2019-05-01,ACEH,18437.40,101546.59,5.51
2019-06-01,ACEH,15830.41,90110.62,5.69
2019-07-01,ACEH,20708.42,112226.11,5.42
2019-08-01,ACEH,19888.83,107035.34,5.38
2019-09-01,ACEH,25162.22,149259.37,5.93
2019-10-01,ACEH,31321.66,182189.72,5.82
2019-11-01,ACEH,19680.53,115427.26,5.87
2019-12-01,ACEH,9960.77,57939.49,5.82
2020-01-01,ACEH,12664.52,64644.94,5.1
2020-02-01,ACEH,28801.80,155948.40,5.41
2020-03-01,ACEH,82284.08,436534.51,5.31
2020-04-01,ACEH,26657.48,143018.95,5.37
2020-05-01,ACEH,16797.39,86489.97,5.15
2020-06-01,ACEH,7627.40,40154.60,5.26
2020-07-01,ACEH,13528.95,75837.50,5.61
2020-08-01,ACEH,30467.83,158157.59,5.19
2020-09-01,ACEH,34685.51,204116.24,5.88
2020-10-01,ACEH,36109.27,223043.73,6.18
2020-11-01,ACEH,21976.82,133387.98,6.07
2020-12-01,ACEH,6268.36,35978.66,5.74
2021-01-01,ACEH,9733.78,45187.63,4.64
2021-02-01,ACEH,29157.40,150150.18,5.15
2021-03-01,ACEH,45230.45,250989.71,5.55
2021-04-01,ACEH,54556.80,319002.89,5.85
2021-05-01,ACEH,19617.01,101452.17,5.17
2021-06-01,ACEH,9607.88,48715.61,5.07
2021-07-01,ACEH,6834.62,35232.59,5.16
2021-08-01,ACEH,9998.90,50235.97,5.02
2021-09-01,ACEH,27037.80,150229.95,5.56
2021-10-01,ACEH,37720.39,210282.71,5.57
2021-11-01,ACEH,27838.47,161529.97,5.8
2021-12-01,ACEH,19724.88,111630.22,5.66
2018-01-01,SUMATERA UTARA,34369.70,179885.24,5.23
2018-02-01,SUMATERA UTARA,51188.77,265349.71,5.18
2018-03-01,SUMATERA UTARA,52496.88,269050.31,5.13
2018-04-01,SUMATERA UTARA,31113.61,160741.86,5.17
2018-05-01,SUMATERA UTARA,31433.08,152795.98,4.86
2018-06-01,SUMATERA UTARA,32834.15,169329.62,5.16
2018-07-01,SUMATERA UTARA,28705.85,155562.32,5.42
2018-08-01,SUMATERA UTARA,36353.10,202144.67,5.56
2018-09-01,SUMATERA UTARA,40124.49,205874.53,5.13
2018-10-01,SUMATERA UTARA,25630.21,130379.65,5.09
2018-11-01,SUMATERA UTARA,18714.50,94170.08,5.03
2018-12-01,SUMATERA UTARA,25212.11,123000.75,4.88
2019-01-01,SUMATERA UTARA,37923.90,191563.00,5.05
2019-02-01,SUMATERA UTARA,58201.56,283920.30,4.88
2019-03-01,SUMATERA UTARA,55367.31,275291.31,4.97
2019-04-01,SUMATERA UTARA,23061.77,108645.17,4.71
2019-05-01,SUMATERA UTARA,27225.44,133399.30,4.9
2019-06-01,SUMATERA UTARA,33994.01,169569.41,4.99
2019-07-01,SUMATERA UTARA,29782.57,152354.34,5.12
2019-08-01,SUMATERA UTARA,38285.63,195923.72,5.12
2019-09-01,SUMATERA UTARA,41549.20,234334.88,5.64
2019-10-01,SUMATERA UTARA,23565.82,123916.46,5.26
2019-11-01,SUMATERA UTARA,16847.92,80070.11,4.75
2019-12-01,SUMATERA UTARA,27336.11,129913.59,4.75
2020-01-01,SUMATERA UTARA,34344.16,179811.57,5.24
2020-02-01,SUMATERA UTARA,56507.10,294789.29,5.22
2020-03-01,SUMATERA UTARA,46883.99,128704.12,2.75
2020-04-01,SUMATERA UTARA,26960.35,132373.94,4.91
2020-05-01,SUMATERA UTARA,27459.37,131060.07,4.77
2020-06-01,SUMATERA UTARA,26042.01,150988.31,5.8
2020-07-01,SUMATERA UTARA,28902.46,264466.38,9.15
2020-08-01,SUMATERA UTARA,46685.70,248284.04,5.32
2020-09-01,SUMATERA UTARA,43689.91,118523.78,2.71
2020-10-01,SUMATERA UTARA,21725.82,74465.95,3.43
2020-11-01,SUMATERA UTARA,14916.40,72490.54,4.86
2020-12-01,SUMATERA UTARA,14473.95,14473.95,1
2021-01-01,SUMATERA UTARA,41494.93,211936.09,5.11
2021-02-01,SUMATERA UTARA,63049.31,321897.54,5.11
2021-03-01,SUMATERA UTARA,32661.84,163317.55,5
2021-04-01,SUMATERA UTARA,23229.20,113207.67,4.87
2021-05-01,SUMATERA UTARA,26780.30,141745.44,5.29
2021-06-01,SUMATERA UTARA,35180.42,186167.30,5.29
2021-07-01,SUMATERA UTARA,32986.76,178891.91,5.42
2021-08-01,SUMATERA UTARA,27667.61,153104.67,5.53
2021-09-01,SUMATERA UTARA,28930.52,156536.20,5.41
2021-10-01,SUMATERA UTARA,31141.33,163725.58,5.26
2021-11-01,SUMATERA UTARA,25082.32,128470.35,5.12
2021-12-01,SUMATERA UTARA,17200.46,85142.21,4.95
2018-01-01,SUMATERA BARAT,23241.67,119682.77,5.15
2018-02-01,SUMATERA BARAT,25667.39,131532.95,5.12
2018-03-01,SUMATERA BARAT,28027.24,144705.06,5.16
2018-04-01,SUMATERA BARAT,30276.85,155790.26,5.15
2018-05-01,SUMATERA BARAT,32158.46,146832.78,4.57
2018-06-01,SUMATERA BARAT,23254.63,105279.48,4.53
2018-07-01,SUMATERA BARAT,27870.44,123783.13,4.44
2018-08-01,SUMATERA BARAT,30122.69,136521.62,4.53
2018-09-01,SUMATERA BARAT,23173.41,106246.17,4.58
2018-10-01,SUMATERA BARAT,16572.77,76844.57,4.64
2018-11-01,SUMATERA BARAT,27033.75,119200.33,4.41
2018-12-01,SUMATERA BARAT,25651.52,116657.36,4.55
2019-01-01,SUMATERA BARAT,24396.51,117964.75,4.84
2019-02-01,SUMATERA BARAT,30276.18,150228.78,4.96
2019-03-01,SUMATERA BARAT,31906.97,154882.74,4.85
2019-04-01,SUMATERA BARAT,26973.66,130900.76,4.85
2019-05-01,SUMATERA BARAT,30227.53,137825.92,4.56
2019-06-01,SUMATERA BARAT,22720.50,107074.19,4.71
2019-07-01,SUMATERA BARAT,25785.99,118843.47,4.61
2019-08-01,SUMATERA BARAT,31408.96,149255.94,4.75
2019-09-01,SUMATERA BARAT,19421.25,93377.26,4.81
2019-10-01,SUMATERA BARAT,20429.14,95340.12,4.67
2019-11-01,SUMATERA BARAT,16847.92,133170.37,7.9
2019-12-01,SUMATERA BARAT,27336.11,94131.71,3.44
2020-01-01,SUMATERA BARAT,21557.53,100001.25,4.64
2020-02-01,SUMATERA BARAT,24230.30,112804.91,4.66
2020-03-01,SUMATERA BARAT,31480.09,145314.96,4.62
2020-04-01,SUMATERA BARAT,33308.03,154481.30,4.64
2020-05-01,SUMATERA BARAT,31803.79,151282.56,4.76
2020-06-01,SUMATERA BARAT,18088.92,86487.55,4.78
2020-07-01,SUMATERA BARAT,23448.32,108861.23,4.64
2020-08-01,SUMATERA BARAT,25941.20,120946.47,4.66
2020-09-01,SUMATERA BARAT,17630.57,84104.58,4.77
2020-10-01,SUMATERA BARAT,30730.93,143759.02,4.68
2020-11-01,SUMATERA BARAT,22429.54,107477.44,4.79
2020-12-01,SUMATERA BARAT,15015.25,71748.02,4.78
2021-01-01,SUMATERA BARAT,23994.99,116051.46,4.84
2021-02-01,SUMATERA BARAT,25383.79,123573.07,4.87
2021-03-01,SUMATERA BARAT,26682.02,130474.86,4.89
2021-04-01,SUMATERA BARAT,26407.56,127461.26,4.83
2021-05-01,SUMATERA BARAT,23105.73,109393.73,4.73
2021-06-01,SUMATERA BARAT,19485.62,91676.82,4.7
2021-07-01,SUMATERA BARAT,28651.36,131033.02,4.57
2021-08-01,SUMATERA BARAT,19742.47,93091.46,4.72
2021-09-01,SUMATERA BARAT,12817.34,64129.32,5
2021-10-01,SUMATERA BARAT,25304.85,124932.50,4.94
2021-11-01,SUMATERA BARAT,21593.89,109751.67,5.08
2021-12-01,SUMATERA BARAT,19222.33,95640.21,4.98
2018-01-01,RIAU,3058.70,13768.24,4.5
2018-02-01,RIAU,13552.07,52336.67,3.86
2018-03-01,RIAU,10822.92,43500.41,4.02
2018-04-01,RIAU,5005.96,22267.51,4.45
2018-05-01,RIAU,4956.32,14730.72,2.97
2018-06-01,RIAU,4858.05,15560.85,3.2
2018-07-01,RIAU,6815.22,23266.27,3.41
2018-08-01,RIAU,11005.31,35498.72,3.23
2018-09-01,RIAU,4094.44,13825.29,3.38
2018-10-01,RIAU,1926.53,8316.77,4.32
2018-11-01,RIAU,1593.31,6808.90,4.27
2018-12-01,RIAU,3759.25,16495.18,4.39
2019-01-01,RIAU,5559.68,20353.49,3.66
2019-02-01,RIAU,12027.14,43293.77,3.6
2019-03-01,RIAU,7933.26,31030.02,3.91
2019-04-01,RIAU,3046.93,14100.53,4.63
2019-05-01,RIAU,6523.60,21448.33,3.29
2019-06-01,RIAU,6260.48,21383.75,3.42
2019-07-01,RIAU,8476.45,29313.32,3.46
2019-08-01,RIAU,7413.14,24445.64,3.3
2019-09-01,RIAU,1315.82,5087.13,3.87
2019-10-01,RIAU,1302.94,6921.83,5.31
2019-11-01,RIAU,678.47,2567.57,3.78
2019-12-01,RIAU,2604.13,10928.59,4.2
2020-01-01,RIAU,3290.74,12130.13,3.69
2020-02-01,RIAU,11459.20,39111.62,3.41
2020-03-01,RIAU,12710.34,44042.94,3.47
2020-04-01,RIAU,3321.80,13065.31,3.93
2020-05-01,RIAU,5407.96,20822.65,3.85
2020-06-01,RIAU,4034.87,16345.62,4.05
2020-07-01,RIAU,8910.33,35762.38,4.01
2020-08-01,RIAU,6386.88,26535.82,4.15
2020-09-01,RIAU,2556.16,11699.42,4.58
2020-10-01,RIAU,750.82,2784.57,3.71
2020-11-01,RIAU,2754.27,9657.08,3.51
2020-12-01,RIAU,3149.78,11727.50,3.72
2021-01-01,RIAU,7878.11,28622.33,3.63
2021-02-01,RIAU,9611.28,35333.31,3.68
2021-03-01,RIAU,4594.50,21062.77,4.58
2021-04-01,RIAU,1484.12,6911.73,4.66
2021-05-01,RIAU,1414.93,5694.58,4.02
2021-06-01,RIAU,2638.49,10835.51,4.11
2021-07-01,RIAU,10093.81,42017.93,4.16
2021-08-01,RIAU,5830.47,24511.51,4.2
2021-09-01,RIAU,3079.99,13619.60,4.42
2021-10-01,RIAU,1639.53,8811.66,5.37
2021-11-01,RIAU,2037.25,8567.90,4.21
2021-12-01,RIAU,2759.87,11470.04,4.16
2018-01-01,JAMBI,12743.18,60567.78,4.75
2018-02-01,JAMBI,9936.59,43280.93,4.36
2018-03-01,JAMBI,10521.71,44677.57,4.25
2018-04-01,JAMBI,6748.01,30335.47,4.5
2018-05-01,JAMBI,7483.07,33758.02,4.51
2018-06-01,JAMBI,6602.53,31575.86,4.78
2018-07-01,JAMBI,8090.03,35932.90,4.44
2018-08-01,JAMBI,6861.52,30191.51,4.4
2018-09-01,JAMBI,5173.41,22095.32,4.27
2018-10-01,JAMBI,5867.66,23201.12,3.95
2018-11-01,JAMBI,3342.17,14865.56,4.45
2018-12-01,JAMBI,2832.80,12563.70,4.44
2019-01-01,JAMBI,5328.04,26094.39,4.9
2019-02-01,JAMBI,5746.90,26363.54,4.59
2019-03-01,JAMBI,9730.43,44297.31,4.55
2019-04-01,JAMBI,9025.94,41460.41,4.59
2019-05-01,JAMBI,6384.73,29860.93,4.68
2019-06-01,JAMBI,4389.37,20683.39,4.71
2019-07-01,JAMBI,8339.21,36887.73,4.42
2019-08-01,JAMBI,8902.86,37128.98,4.17
2019-09-01,JAMBI,4743.83,19383.92,4.09
2019-10-01,JAMBI,3351.00,12426.54,3.71
2019-11-01,JAMBI,1393.88,5726.83,4.11
2019-12-01,JAMBI,2199.87,9618.71,4.37
2020-01-01,JAMBI,3318.24,16618.79,5.01
2020-02-01,JAMBI,8824.97,40985.63,4.64
2020-03-01,JAMBI,9221.13,39733.11,4.31
2020-04-01,JAMBI,7877.30,34483.95,4.38
2020-05-01,JAMBI,9410.85,43533.95,4.63
2020-06-01,JAMBI,6191.98,27811.81,4.49
2020-07-01,JAMBI,10840.08,48616.35,4.48
2020-08-01,JAMBI,5776.20,25870.69,4.48
2020-09-01,JAMBI,4942.85,23079.92,4.67
2020-10-01,JAMBI,6742.26,30101.76,4.46
2020-11-01,JAMBI,7030.89,32743.25,4.66
2020-12-01,JAMBI,4596.18,22834.28,4.97
2021-01-01,JAMBI,4249.18,20684.44,4.87
2021-02-01,JAMBI,4456.55,20924.86,4.7
2021-03-01,JAMBI,7378.17,31715.77,4.3
2021-04-01,JAMBI,7258.25,32954.22,4.54
2021-05-01,JAMBI,3474.37,15718.81,4.52
2021-06-01,JAMBI,5960.21,27918.33,4.68
2021-07-01,JAMBI,6479.70,30773.57,4.75
2021-08-01,JAMBI,4486.26,23790.57,5.3
2021-09-01,JAMBI,6631.39,30192.76,4.55
2021-10-01,JAMBI,6481.76,27840.86,4.3
2021-11-01,JAMBI,4376.33,20989.04,4.8
2021-12-01,JAMBI,3180.09,14646.02,4.61
2018-01-01,SUMATERA SELATAN,66796.39,352441.19,5.28
2018-02-01,SUMATERA SELATAN,90521.23,470457.09,5.2
2018-03-01,SUMATERA SELATAN,97551.55,541467.43,5.55
2018-04-01,SUMATERA SELATAN,68174.76,382388.67,5.61
2018-05-01,SUMATERA SELATAN,32697.96,143981.84,4.4
2018-06-01,SUMATERA SELATAN,30028.49,133965.02,4.46
2018-07-01,SUMATERA SELATAN,39743.31,191280.43,4.81
2018-08-01,SUMATERA SELATAN,64624.08,323346.94,5
2018-09-01,SUMATERA SELATAN,42423.66,205101.52,4.83
2018-10-01,SUMATERA SELATAN,23844.41,116644.52,4.89
2018-11-01,SUMATERA SELATAN,10332.88,56135.84,5.43
2018-12-01,SUMATERA SELATAN,14835.89,76981.35,5.19
2019-01-01,SUMATERA SELATAN,46954.58,227508.45,4.85
2019-02-01,SUMATERA SELATAN,88968.29,426546.10,4.79
2019-03-01,SUMATERA SELATAN,88217.62,452376.90,5.13
2019-04-01,SUMATERA SELATAN,58765.79,320957.59,5.46
2019-05-01,SUMATERA SELATAN,27861.21,119212.75,4.28
2019-06-01,SUMATERA SELATAN,44055.61,179374.53,4.07
2019-07-01,SUMATERA SELATAN,42453.51,191271.64,4.51
2019-08-01,SUMATERA SELATAN,62604.65,315868.90,5.05
2019-09-01,SUMATERA SELATAN,42574.69,192233.33,4.52
2019-10-01,SUMATERA SELATAN,19602.35,92543.64,4.72
2019-11-01,SUMATERA SELATAN,9584.78,46360.13,4.84
2019-12-01,SUMATERA SELATAN,7673.44,39142.28,5.1
2020-01-01,SUMATERA SELATAN,10309.55,49552.22,4.81
2020-02-01,SUMATERA SELATAN,55615.46,270529.70,4.86
2020-03-01,SUMATERA SELATAN,107120.07,542380.70,5.06
2020-04-01,SUMATERA SELATAN,75045.08,413058.62,5.5
2020-05-01,SUMATERA SELATAN,53901.96,249581.60,4.63
2020-06-01,SUMATERA SELATAN,37164.06,151342.37,4.07
2020-07-01,SUMATERA SELATAN,35349.92,151287.52,4.28
2020-08-01,SUMATERA SELATAN,49391.09,260058.40,5.27
2020-09-01,SUMATERA SELATAN,46786.68,248709.57,5.32
2020-10-01,SUMATERA SELATAN,44866.48,215420.97,4.8
2020-11-01,SUMATERA SELATAN,22467.51,116097.84,5.17
2020-12-01,SUMATERA SELATAN,13302.90,75040.17,5.64
2021-01-01,SUMATERA SELATAN,31586.43,171558.94,5.43
2021-02-01,SUMATERA SELATAN,76003.82,410248.67,5.4
2021-03-01,SUMATERA SELATAN,91541.31,506942.63,5.54
2021-04-01,SUMATERA SELATAN,45967.85,256452.56,5.58
2021-05-01,SUMATERA SELATAN,26141.25,123745.81,4.73
2021-06-01,SUMATERA SELATAN,45394.22,182259.64,4.02
2021-07-01,SUMATERA SELATAN,43964.16,212199.42,4.83
2021-08-01,SUMATERA SELATAN,42830.92,222227.15,5.19
2021-09-01,SUMATERA SELATAN,43660.05,216118.25,4.95
2021-10-01,SUMATERA SELATAN,29626.44,144705.83,4.88
2021-11-01,SUMATERA SELATAN,10066.21,53641.10,5.33
2021-12-01,SUMATERA SELATAN,9458.99,52343.19,5.53
2018-01-01,BENGKULU,1890.92,8782.97,4.64
2018-02-01,BENGKULU,6926.66,30977.01,4.47
2018-03-01,BENGKULU,9551.27,43529.40,4.56
2018-04-01,BENGKULU,8726.73,41507.63,4.76
2018-05-01,BENGKULU,9217.82,41471.22,4.5
2018-06-01,BENGKULU,3894.27,17043.63,4.38
2018-07-01,BENGKULU,4374.43,16375.40,3.74
2018-08-01,BENGKULU,7928.36,31350.96,3.95
2018-09-01,BENGKULU,3659.81,14564.13,3.98
2018-10-01,BENGKULU,4426.69,19808.48,4.47
2018-11-01,BENGKULU,3469.64,15918.86,4.59
2018-12-01,BENGKULU,1824.56,7480.83,4.1
2019-01-01,BENGKULU,3254.59,14764.28,4.54
2019-02-01,BENGKULU,9543.39,42372.41,4.44
2019-03-01,BENGKULU,9759.14,43877.95,4.5
2019-04-01,BENGKULU,9036.09,45858.70,5.08
2019-05-01,BENGKULU,5984.63,30753.30,5.14
2019-06-01,BENGKULU,3778.79,19810.39,5.24
2019-07-01,BENGKULU,4662.24,19117.50,4.1
2019-08-01,BENGKULU,6100.81,24246.54,3.97
2019-09-01,BENGKULU,3262.72,14429.51,4.42
2019-10-01,BENGKULU,3409.74,15070.53,4.42
2019-11-01,BENGKULU,3887.53,17682.09,4.55
2019-12-01,BENGKULU,1727.19,8488.87,4.91
2020-01-01,BENGKULU,3336.55,18478.76,5.54
2020-02-01,BENGKULU,949.25,4607.00,4.85
2020-03-01,BENGKULU,2908.65,13980.35,4.81
2020-04-01,BENGKULU,12114.44,55984.50,4.62
2020-05-01,BENGKULU,10558.52,44991.67,4.26
2020-06-01,BENGKULU,8459.98,38100.72,4.5
2020-07-01,BENGKULU,2760.19,12578.28,4.56
2020-08-01,BENGKULU,1444.44,6798.47,4.71
2020-09-01,BENGKULU,3772.14,16809.57,4.46
2020-10-01,BENGKULU,7719.91,33612.58,4.35
2020-11-01,BENGKULU,7656.84,36087.43,4.71
2020-12-01,BENGKULU,2456.37,10804.71,4.4
2021-01-01,BENGKULU,2683.21,13960.14,5.2
2021-02-01,BENGKULU,3714.96,17573.99,4.73
2021-03-01,BENGKULU,7432.61,34456.19,4.64
2021-04-01,BENGKULU,11548.16,59249.71,5.13
2021-05-01,BENGKULU,7141.19,35096.73,4.91
2021-06-01,BENGKULU,3399.01,16457.44,4.84
2021-07-01,BENGKULU,3383.42,15618.19,4.62
2021-08-01,BENGKULU,2418.70,10986.17,4.54
2021-09-01,BENGKULU,1830.83,8945.71,4.89
2021-10-01,BENGKULU,4110.96,20169.91,4.91
2021-11-01,BENGKULU,4263.04,20483.33,4.8
2021-12-01,BENGKULU,3778.60,18119.68,4.8
2018-01-01,LAMPUNG,20829.80,114129.71,5.48
2018-02-01,LAMPUNG,27791.38,148111.50,5.33
2018-03-01,LAMPUNG,58816.12,323382.71,5.5
2018-04-01,LAMPUNG,99090.97,554272.06,5.59
2018-05-01,LAMPUNG,60701.27,260567.46,4.29
2018-06-01,LAMPUNG,29358.95,127379.49,4.34
2018-07-01,LAMPUNG,33318.60,136257.81,4.09
2018-08-01,LAMPUNG,36449.93,157731.41,4.33
2018-09-01,LAMPUNG,62292.53,284771.81,4.57
2018-10-01,LAMPUNG,50780.92,229217.92,4.51
2018-11-01,LAMPUNG,20126.73,94294.02,4.69
2018-12-01,LAMPUNG,12383.73,58526.01,4.73
2019-01-01,LAMPUNG,7541.35,38226.25,5.07
2019-02-01,LAMPUNG,25363.85,127982.54,5.05
2019-03-01,LAMPUNG,60028.64,297532.39,4.96
2019-04-01,LAMPUNG,106437.09,555274.37,5.22
2019-05-01,LAMPUNG,65623.52,256934.11,3.92
2019-06-01,LAMPUNG,26777.64,110981.18,4.14
2019-07-01,LAMPUNG,17033.70,62840.11,3.69
2019-08-01,LAMPUNG,36774.97,145307.02,3.95
2019-09-01,LAMPUNG,45062.22,210459.76,4.67
2019-10-01,LAMPUNG,47861.37,223935.03,4.68
2019-11-01,LAMPUNG,17224.03,90509.11,5.25
2019-12-01,LAMPUNG,8375.04,44107.46,5.27
2020-01-01,LAMPUNG,10485.02,62842.12,5.99
2020-02-01,LAMPUNG,13093.77,68089.58,5.2
2020-03-01,LAMPUNG,24931.09,123718.00,4.96
2020-04-01,LAMPUNG,116924.79,584441.59,5
2020-05-01,LAMPUNG,98560.22,451578.72,4.58
2020-06-01,LAMPUNG,47051.90,202457.10,4.3
2020-07-01,LAMPUNG,10210.57,45988.00,4.5
2020-08-01,LAMPUNG,23739.98,116016.53,4.89
2020-09-01,LAMPUNG,88310.39,444024.27,5.03
2020-10-01,LAMPUNG,72820.00,356096.92,4.89
2020-11-01,LAMPUNG,32547.98,162064.62,4.98
2020-12-01,LAMPUNG,6473.34,32972.19,5.09
2021-01-01,LAMPUNG,4386.76,22386.69,5.1
2021-02-01,LAMPUNG,13546.96,66451.59,4.91
2021-03-01,LAMPUNG,83400.91,426947.66,5.12
2021-04-01,LAMPUNG,147494.16,776113.08,5.26
2021-05-01,LAMPUNG,41348.14,196837.74,4.76
2021-06-01,LAMPUNG,11894.44,56319.08,4.73
2021-07-01,LAMPUNG,10626.47,48663.32,4.58
2021-08-01,LAMPUNG,30848.71,146553.67,4.75
2021-09-01,LAMPUNG,70327.40,354854.21,5.05
2021-10-01,LAMPUNG,52267.47,266651.64,5.1
2021-11-01,LAMPUNG,18302.03,96786.64,5.29
2021-12-01,LAMPUNG,5129.78,26887.46,5.24
2018-01-01,KEP. BANGKA BELITUNG,499.55,1119.59,2.24
2018-02-01,KEP. BANGKA BELITUNG,2005.64,3521.64,1.76
2018-03-01,KEP. BANGKA BELITUNG,1862.39,4192.75,2.25
2018-04-01,KEP. BANGKA BELITUNG,1353.41,2341.96,1.73
2018-05-01,KEP. BANGKA BELITUNG,3695.29,10471.69,2.83
2018-06-01,KEP. BANGKA BELITUNG,676.82,1790.82,2.65
2018-07-01,KEP. BANGKA BELITUNG,1303.57,2587.78,1.99
2018-08-01,KEP. BANGKA BELITUNG,879.31,1974.19,2.25
2018-09-01,KEP. BANGKA BELITUNG,487.80,1886.26,3.87
2018-10-01,KEP. BANGKA BELITUNG,2982.26,11546.59,3.87
2018-11-01,KEP. BANGKA BELITUNG,699.96,2537.45,3.63
2018-12-01,KEP. BANGKA BELITUNG,787.59,1753.97,2.23
2019-01-01,KEP. BANGKA BELITUNG,2934.17,5277.62,1.8
2019-02-01,KEP. BANGKA BELITUNG,670.95,1440.16,2.15
2019-03-01,KEP. BANGKA BELITUNG,804.76,2024.44,2.52
2019-04-01,KEP. BANGKA BELITUNG,2646.70,8768.29,3.31
2019-05-01,KEP. BANGKA BELITUNG,1915.83,4108.77,2.14
2019-06-01,KEP. BANGKA BELITUNG,1528.17,3076.56,2.01
2019-07-01,KEP. BANGKA BELITUNG,1155.28,2290.82,1.98
2019-08-01,KEP. BANGKA BELITUNG,392.04,916.88,2.34
2019-09-01,KEP. BANGKA BELITUNG,3166.02,13552.55,4.28
2019-10-01,KEP. BANGKA BELITUNG,1040.83,4685.39,4.5
2019-11-01,KEP. BANGKA BELITUNG,277.20,648.68,2.34
2019-12-01,KEP. BANGKA BELITUNG,555.86,2015.52,3.63
2020-01-01,KEP. BANGKA BELITUNG,1275.09,2530.54,1.98
2020-02-01,KEP. BANGKA BELITUNG,1957.87,6364.16,3.25
2020-03-01,KEP. BANGKA BELITUNG,4691.62,17033.05,3.63
2020-04-01,KEP. BANGKA BELITUNG,999.01,2487.06,2.49
2020-05-01,KEP. BANGKA BELITUNG,1441.71,4332.59,3.01
2020-06-01,KEP. BANGKA BELITUNG,512.84,1601.14,3.12
2020-07-01,KEP. BANGKA BELITUNG,193.59,530.89,2.74
2020-08-01,KEP. BANGKA BELITUNG,2958.26,9079.38,3.07
2020-09-01,KEP. BANGKA BELITUNG,2324.82,8039.02,3.46
2020-10-01,KEP. BANGKA BELITUNG,608.14,2190.35,3.6
2020-11-01,KEP. BANGKA BELITUNG,464.02,1690.68,3.64
2020-12-01,KEP. BANGKA BELITUNG,413.58,1445.46,3.49
2021-01-01,KEP. BANGKA BELITUNG,1342.37,4286.28,3.19
2021-02-01,KEP. BANGKA BELITUNG,1479.66,4487.61,3.03
2021-03-01,KEP. BANGKA BELITUNG,3069.79,12747.32,4.15
2021-04-01,KEP. BANGKA BELITUNG,3851.97,17874.76,4.64
2021-05-01,KEP. BANGKA BELITUNG,402.08,1352.34,3.36
2021-06-01,KEP. BANGKA BELITUNG,894.97,2915.92,3.26
2021-07-01,KEP. BANGKA BELITUNG,1303.74,3885.11,2.98
2021-08-01,KEP. BANGKA BELITUNG,2071.15,6803.01,3.28
2021-09-01,KEP. BANGKA BELITUNG,2803.65,11677.82,4.17
2021-10-01,KEP. BANGKA BELITUNG,825.58,3557.07,4.31
2021-11-01,KEP. BANGKA BELITUNG,184.04,795.08,4.32
2021-12-01,KEP. BANGKA BELITUNG,49.27,113.93,2.31
2018-01-01,KEP. RIAU,37.54,97.10,2.59
2018-02-01,KEP. RIAU,101.07,260.08,2.57
2018-03-01,KEP. RIAU,12.58,29.40,2.34
2018-04-01,KEP. RIAU,56.45,150.24,2.66
2018-05-01,KEP. RIAU,30.46,48.62,1.6
2018-06-01,KEP. RIAU,30.95,53.55,1.73
2018-07-01,KEP. RIAU,5.75,10.02,1.74
2018-08-01,KEP. RIAU,20.72,33.59,1.62
2018-09-01,KEP. RIAU,19.37,99.90,5.16
2018-10-01,KEP. RIAU,12.53,64.62,5.16
2018-11-01,KEP. RIAU,6.40,33.00,5.16
2018-12-01,KEP. RIAU,42.05,216.88,5.16
2019-01-01,KEP. RIAU,18.40,34.05,1.85
2019-02-01,KEP. RIAU,87.85,227.41,2.59
2019-03-01,KEP. RIAU,95.65,181.98,1.9
2019-04-01,KEP. RIAU,22.09,45.38,2.05
2019-05-01,KEP. RIAU,5.30,25.06,4.73
2019-06-01,KEP. RIAU,47.91,226.58,4.73
2019-07-01,KEP. RIAU,4.64,21.94,4.73
2019-08-01,KEP. RIAU,12.21,57.74,4.73
2019-09-01,KEP. RIAU,3.58,19.32,5.4
2019-10-01,KEP. RIAU,5.19,22.95,4.42
2019-11-01,KEP. RIAU,22.19,119.72,5.4
2019-12-01,KEP. RIAU,31.26,168.67,5.4
2020-01-01,KEP. RIAU,29.58,55.31,1.87
2020-02-01,KEP. RIAU,55.26,145.33,2.63
2020-03-01,KEP. RIAU,51.28,133.75,2.61
2020-04-01,KEP. RIAU,10.75,29.85,2.78
2020-05-01,KEP. RIAU,22.53,77.87,3.46
2020-06-01,KEP. RIAU,7.34,26.35,3.59
2020-07-01,KEP. RIAU,6.41,22.53,3.51
2020-08-01,KEP. RIAU,42.45,144.88,3.41
2020-09-01,KEP. RIAU,18.97,58.00,3.06
2020-10-01,KEP. RIAU,17.55,52.09,2.97
2020-11-01,KEP. RIAU,13.09,38.09,2.91
2020-12-01,KEP. RIAU,23.31,68.49,2.94
2021-01-01,KEP. RIAU,62.19,198.67,3.19
2021-02-01,KEP. RIAU,32.29,83.37,2.58
2021-03-01,KEP. RIAU,19.17,61.03,3.18
2021-04-01,KEP. RIAU,34.07,121.83,3.58
2021-05-01,KEP. RIAU,9.53,37.33,3.92
2021-06-01,KEP. RIAU,3.51,13.43,3.83
2021-07-01,KEP. RIAU,14.35,54.88,3.82
2021-08-01,KEP. RIAU,21.71,83.03,3.82
2021-09-01,KEP. RIAU,14.22,38.75,2.73
2021-10-01,KEP. RIAU,25.34,70.77,2.79
2021-11-01,KEP. RIAU,2.73,7.55,2.77
2021-12-01,KEP. RIAU,31.05,84.37,2.72
2018-01-01,DKI JAKARTA,24.23,169.81,7.01
2018-02-01,DKI JAKARTA,5.40,27.56,5.1
2018-03-01,DKI JAKARTA,39.85,290.08,7.28
2018-04-01,DKI JAKARTA,0.61,2.93,4.8
2018-05-01,DKI JAKARTA,114.45,893.19,7.8
2018-06-01,DKI JAKARTA,157.18,1221.74,7.77
2018-07-01,DKI JAKARTA,155.41,1208.61,7.78
2018-08-01,DKI JAKARTA,19.59,152.42,7.78
2018-09-01,DKI JAKARTA,2.88,16.42,5.7
2018-10-01,DKI JAKARTA,10.08,61.90,6.14
2018-11-01,DKI JAKARTA,47.88,283.07,5.91
2018-12-01,DKI JAKARTA,95.81,571.41,5.96
2019-01-01,DKI JAKARTA,149.40,692.26,4.63
2019-02-01,DKI JAKARTA,36.89,171.06,4.64
2019-03-01,DKI JAKARTA,42.22,195.45,4.63
2019-04-01,DKI JAKARTA,19.88,94.78,4.77
2019-05-01,DKI JAKARTA,2.96,22.29,7.53
2019-06-01,DKI JAKARTA,2.96,22.29,7.53
2019-07-01,DKI JAKARTA,186.22,1079.97,5.8
2019-08-01,DKI JAKARTA,151.07,878.83,5.82
2019-09-01,DKI JAKARTA,25.59,166.37,6.5
2019-10-01,DKI JAKARTA,4.18,27.69,6.62
2019-11-01,DKI JAKARTA,0.00,0.00,0.00
2019-12-01,DKI JAKARTA,1.22,8.32,6.82
2020-01-01,DKI JAKARTA,151.22,538.08,3.56
2020-02-01,DKI JAKARTA,104.51,373.20,3.57
2020-03-01,DKI JAKARTA,76.82,273.43,3.56
2020-04-01,DKI JAKARTA,114.33,406.68,3.56
2020-05-01,DKI JAKARTA,0.00,0.00,0.00
2020-06-01,DKI JAKARTA,0.00,0.00,0.00
2020-07-01,DKI JAKARTA,111.63,651.74,5.84
2020-08-01,DKI JAKARTA,133.17,778.38,5.85
2020-09-01,DKI JAKARTA,111.19,760.97,6.84
2020-10-01,DKI JAKARTA,6.57,44.12,6.72
2020-11-01,DKI JAKARTA,13.39,96.05,7.17
2020-12-01,DKI JAKARTA,91.68,621.28,6.78
2021-01-01,DKI JAKARTA,18.45,95.34,5.17
2021-02-01,DKI JAKARTA,39.93,206.35,5.17
2021-03-01,DKI JAKARTA,19.96,103.14,5.17
2021-04-01,DKI JAKARTA,69.24,357.81,5.17
2021-05-01,DKI JAKARTA,64.42,386.77,6.00
2021-06-01,DKI JAKARTA,12.12,75.85,6.26
2021-07-01,DKI JAKARTA,40.45,240.88,5.96
2021-08-01,DKI JAKARTA,166.03,988.70,5.95
2021-09-01,DKI JAKARTA,40.79,250.46,6.14
2021-10-01,DKI JAKARTA,7.63,48.42,6.35
2021-11-01,DKI JAKARTA,38.65,236.47,6.12
2021-12-01,DKI JAKARTA,42.30,259.28,6.13
2018-01-01,JAWA BARAT,53406.88,299728.55,5.61
2018-02-01,JAWA BARAT,127732.77,728001.54,5.7
2018-03-01,JAWA BARAT,253240.61,1473786.05,5.82
2018-04-01,JAWA BARAT,202103.21,1195082.94,5.91
2018-05-01,JAWA BARAT,149670.46,836142.83,5.59
2018-06-01,JAWA BARAT,153378.32,837326.74,5.46
2018-07-01,JAWA BARAT,182673.46,1024002.89,5.61
2018-08-01,JAWA BARAT,157794.06,886827.33,5.62
2018-09-01,JAWA BARAT,150409.33,834176.52,5.55
2018-10-01,JAWA BARAT,108137.09,592588.40,5.48
2018-11-01,JAWA BARAT,104713.45,583845.45,5.58
2018-12-01,JAWA BARAT,63994.17,355849.51,5.56
2019-01-01,JAWA BARAT,44059.56,247674.94,5.62
2019-02-01,JAWA BARAT,57840.83,324349.34,5.61
2019-03-01,JAWA BARAT,240717.96,1399151.01,5.81
2019-04-01,JAWA BARAT,283841.77,1656631.53,5.84
2019-05-01,JAWA BARAT,141728.01,786210.04,5.55
2019-06-01,JAWA BARAT,121038.19,646971.10,5.35
2019-07-01,JAWA BARAT,159249.06,850948.77,5.34
2019-08-01,JAWA BARAT,161737.19,871335.04,5.39
2019-09-01,JAWA BARAT,121133.76,752680.61,6.21
2019-10-01,JAWA BARAT,89856.53,559023.12,6.22
2019-11-01,JAWA BARAT,89822.93,566848.06,6.31
2019-12-01,JAWA BARAT,67809.91,423133.66,6.24
2020-01-01,JAWA BARAT,45801.11,261729.10,5.71
2020-02-01,JAWA BARAT,28837.34,163278.53,5.66
2020-03-01,JAWA BARAT,74802.15,423836.77,5.67
2020-04-01,JAWA BARAT,299445.11,1696126.86,5.66
2020-05-01,JAWA BARAT,238137.89,1275304.92,5.36
2020-06-01,JAWA BARAT,120573.68,644210.91,5.34
2020-07-01,JAWA BARAT,131530.42,706354.49,5.37
2020-08-01,JAWA BARAT,173635.10,940312.20,5.42
2020-09-01,JAWA BARAT,175690.97,1079807.01,6.15
2020-10-01,JAWA BARAT,122145.80,750530.26,6.14
2020-11-01,JAWA BARAT,103367.92,630997.78,6.1
2020-12-01,JAWA BARAT,72921.14,444283.75,6.09
2021-01-01,JAWA BARAT,69881.29,401495.02,5.75
2021-02-01,JAWA BARAT,94645.81,542939.77,5.74
2021-03-01,JAWA BARAT,237491.82,1340410.87,5.64
2021-04-01,JAWA BARAT,201427.12,1167476.96,5.8
2021-05-01,JAWA BARAT,134231.38,755057.20,5.63
2021-06-01,JAWA BARAT,130763.71,729855.69,5.58
2021-07-01,JAWA BARAT,213367.39,1167556.65,5.47
2021-08-01,JAWA BARAT,118129.04,641696.59,5.43
2021-09-01,JAWA BARAT,105126.10,615201.95,5.85
2021-10-01,JAWA BARAT,116071.03,682706.24,5.88
2021-11-01,JAWA BARAT,93310.19,545923.54,5.85
2021-12-01,JAWA BARAT,89664.43,523252.60,5.84
2018-01-01,JAWA TENGAH,57481.42,343788.13,5.98
2018-02-01,JAWA TENGAH,252072.00,1548741.05,6.14
2018-03-01,JAWA TENGAH,304405.10,1812530.25,5.95
2018-04-01,JAWA TENGAH,176537.09,1004678.72,5.69
2018-05-01,JAWA TENGAH,163282.27,886371.09,5.43
2018-06-01,JAWA TENGAH,215935.12,1167306.34,5.41
2018-07-01,JAWA TENGAH,218849.01,1183179.43,5.41
2018-08-01,JAWA TENGAH,136563.12,727219.34,5.33
2018-09-01,JAWA TENGAH,126504.52,766604.30,6.06
2018-10-01,JAWA TENGAH,76805.55,484438.20,6.31
2018-11-01,JAWA TENGAH,57106.98,349856.92,6.13
2018-12-01,JAWA TENGAH,36440.99,224874.46,6.17
2019-01-01,JAWA TENGAH,46239.45,271683.66,5.88
2019-02-01,JAWA TENGAH,126853.91,788113.42,6.21
2019-03-01,JAWA TENGAH,335609.47,2022765.20,6.03
2019-04-01,JAWA TENGAH,260119.04,1491780.63,5.73
2019-05-01,JAWA TENGAH,111053.87,584473.35,5.26
2019-06-01,JAWA TENGAH,229870.27,1228419.34,5.34
2019-07-01,JAWA TENGAH,164969.54,887690.92,5.38
2019-08-01,JAWA TENGAH,181257.10,958022.35,5.29
2019-09-01,JAWA TENGAH,85742.23,528398.42,6.16
2019-10-01,JAWA TENGAH,68189.29,450943.08,6.61
2019-11-01,JAWA TENGAH,42920.39,278579.55,6.49
2019-12-01,JAWA TENGAH,25654.65,164784.06,6.42
2020-01-01,JAWA TENGAH,29621.42,169414.70,5.72
2020-02-01,JAWA TENGAH,49122.08,304307.59,6.19
2020-03-01,JAWA TENGAH,276872.12,1689353.37,6.1
2020-04-01,JAWA TENGAH,338701.86,1944728.24,5.74
2020-05-01,JAWA TENGAH,137355.59,707221.41,5.15
2020-06-01,JAWA TENGAH,148836.94,769643.55,5.17
2020-07-01,JAWA TENGAH,225505.22,1199656.95,5.32
2020-08-01,JAWA TENGAH,173275.92,917117.24,5.29
2020-09-01,JAWA TENGAH,121121.17,730127.56,6.03
2020-10-01,JAWA TENGAH,74732.17,484754.75,6.49
2020-11-01,JAWA TENGAH,58271.89,367911.47,6.31
2020-12-01,JAWA TENGAH,33515.11,204927.79,6.11
2021-01-01,JAWA TENGAH,41693.14,234401.66,5.62
2021-02-01,JAWA TENGAH,163152.55,989824.61,6.07
2021-03-01,JAWA TENGAH,415952.10,2449941.28,5.89
2021-04-01,JAWA TENGAH,157272.84,882722.73,5.61
2021-05-01,JAWA TENGAH,89036.52,466309.82,5.24
2021-06-01,JAWA TENGAH,201995.86,1092306.57,5.41
2021-07-01,JAWA TENGAH,274980.60,1463415.62,5.32
2021-08-01,JAWA TENGAH,120150.82,621781.17,5.18
2021-09-01,JAWA TENGAH,49999.29,295679.75,5.91
2021-10-01,JAWA TENGAH,76742.66,486989.97,6.35
2021-11-01,JAWA TENGAH,57983.88,351172.20,6.06
2021-12-01,JAWA TENGAH,47752.10,284111.43,5.95
2018-01-01,DI YOGYAKARTA,5649.97,30560.52,5.41
2018-02-01,DI YOGYAKARTA,14780.60,81111.34,5.49
2018-03-01,DI YOGYAKARTA,15170.93,85621.12,5.64
2018-04-01,DI YOGYAKARTA,8627.62,49898.80,5.78
2018-05-01,DI YOGYAKARTA,7458.41,40895.61,5.48
2018-06-01,DI YOGYAKARTA,13259.75,71465.93,5.39
2018-07-01,DI YOGYAKARTA,10102.33,53152.58,5.26
2018-08-01,DI YOGYAKARTA,6809.35,35049.15,5.15
2018-09-01,DI YOGYAKARTA,3097.18,17337.82,5.6
2018-10-01,DI YOGYAKARTA,2401.45,12907.09,5.37
2018-11-01,DI YOGYAKARTA,3165.51,18079.41,5.71
2018-12-01,DI YOGYAKARTA,3433.35,18856.12,5.49
2019-01-01,DI YOGYAKARTA,10982.29,50891.32,4.63
2019-02-01,DI YOGYAKARTA,7710.24,33272.85,4.32
2019-03-01,DI YOGYAKARTA,35963.54,155051.86,4.31
2019-04-01,DI YOGYAKARTA,13920,73085.68,5.25
2019-05-01,DI YOGYAKARTA,4872.68,24783.93,5.09
2019-06-01,DI YOGYAKARTA,8420.82,41329.90,4.91
2019-07-01,DI YOGYAKARTA,10735.09,53987.13,5.03
2019-08-01,DI YOGYAKARTA,9348.72,47115.33,5.04
2019-09-01,DI YOGYAKARTA,2706.58,15223.98,5.62
2019-10-01,DI YOGYAKARTA,1671.82,8840.05,5.29
2019-11-01,DI YOGYAKARTA,1595.22,9244.21,5.79
2019-12-01,DI YOGYAKARTA,3550.36,20651.16,5.82
2020-01-01,DI YOGYAKARTA,4468.83,24309.15,5.44
2020-02-01,DI YOGYAKARTA,6423.83,26964.98,4.2
2020-03-01,DI YOGYAKARTA,24303.04,107599.81,4.43
2020-04-01,DI YOGYAKARTA,26088.93,117216.88,4.49
2020-05-01,DI YOGYAKARTA,8349.69,41119.25,4.92
2020-06-01,DI YOGYAKARTA,7106.66,33937.73,4.78
2020-07-01,DI YOGYAKARTA,12060.81,57103.21,4.73
2020-08-01,DI YOGYAKARTA,9440.27,45904.57,4.86
2020-09-01,DI YOGYAKARTA,4075.72,23746.73,5.83
2020-10-01,DI YOGYAKARTA,2668.91,14878.73,5.57
2020-11-01,DI YOGYAKARTA,2344.00,12743.87,5.44
2020-12-01,DI YOGYAKARTA,3217.43,17871.04,5.55
2021-01-01,DI YOGYAKARTA,6167.88,34832.38,5.65
2021-02-01,DI YOGYAKARTA,24212.89,120453.56,4.97
2021-03-01,DI YOGYAKARTA,18722.25,101075.88,5.4
2021-04-01,DI YOGYAKARTA,9265.25,51600.05,5.57
2021-05-01,DI YOGYAKARTA,6139.83,31423.12,5.12
2021-06-01,DI YOGYAKARTA,13896.05,65810.96,4.74
2021-07-01,DI YOGYAKARTA,11123.48,56962.41,5.12
2021-08-01,DI YOGYAKARTA,5937.39,30706.60,5.17
2021-09-01,DI YOGYAKARTA,2315.78,11898.06,5.14
2021-10-01,DI YOGYAKARTA,2674.42,13387.96,5.01
2021-11-01,DI YOGYAKARTA,3094.86,17091.55,5.52
2021-12-01,DI YOGYAKARTA,3956.08,21288.50,5.38
2018-01-01,JAWA TIMUR,36120.09,211336.91,5.85
2018-02-01,JAWA TIMUR,161568.79,960555.39,5.95
2018-03-01,JAWA TIMUR,391628.75,2293296.40,5.86
2018-04-01,JAWA TIMUR,229253.36,1345462.55,5.87
2018-05-01,JAWA TIMUR,114148.55,635297.04,5.57
2018-06-01,JAWA TIMUR,164821.30,923599.84,5.6
2018-07-01,JAWA TIMUR,211501.55,1190086.94,5.63
2018-08-01,JAWA TIMUR,126628.53,716395.27,5.66
2018-09-01,JAWA TIMUR,100691.34,624663.23,6.2
2018-10-01,JAWA TIMUR,79524.89,489721.49,6.16
2018-11-01,JAWA TIMUR,77906.76,470151.11,6.03
2018-12-01,JAWA TIMUR,57397.76,342647.00,5.97
2019-01-01,JAWA TIMUR,56735.91,314228.76,5.54
2019-02-01,JAWA TIMUR,78350.01,442558.79,5.65
2019-03-01,JAWA TIMUR,341663.34,1933799.60,5.66
2019-04-01,JAWA TIMUR,331679.9,1857128.26,5.6
2019-05-01,JAWA TIMUR,116103.94,616134.88,5.31
2019-06-01,JAWA TIMUR,151269.18,806305.87,5.33
2019-07-01,JAWA TIMUR,201160.95,1071320.17,5.33
2019-08-01,JAWA TIMUR,141740.11,750277.40,5.29
2019-09-01,JAWA TIMUR,82609.62,516564.94,6.25
2019-10-01,JAWA TIMUR,77783.54,501296.00,6.44
2019-11-01,JAWA TIMUR,78379.43,499059.44,6.37
2019-12-01,JAWA TIMUR,44950.43,272259.77,6.06
2020-01-01,JAWA TIMUR,51054.93,288721.13,5.66
2020-02-01,JAWA TIMUR,59873.16,345241.40,5.77
2020-03-01,JAWA TIMUR,218193.35,1324020.59,6.07
2020-04-01,JAWA TIMUR,394916.83,2243967.32,5.68
2020-05-01,JAWA TIMUR,191364.96,992091.94,5.18
2020-06-01,JAWA TIMUR,113835.19,603419.93,5.3
2020-07-01,JAWA TIMUR,208802.73,1135872.36,5.44
2020-08-01,JAWA TIMUR,178560.70,924107.60,5.18
2020-09-01,JAWA TIMUR,99430.52,599080.95,6.03
2020-10-01,JAWA TIMUR,99509.15,618298.54,6.21
2020-11-01,JAWA TIMUR,95369.50,603416.14,6.33
2020-12-01,JAWA TIMUR,43469.28,266300.36,6.13
2021-01-01,JAWA TIMUR,54581.05,300797.15,5.51
2021-02-01,JAWA TIMUR,91224.98,507757.43,5.57
2021-03-01,JAWA TIMUR,385081.45,2192542.16,5.69
2021-04-01,JAWA TIMUR,291546.85,1659178.45,5.69
2021-05-01,JAWA TIMUR,100413.76,532441.85,5.3
2021-06-01,JAWA TIMUR,154644.80,811440.39,5.25
2021-07-01,JAWA TIMUR,222870.05,1200996.28,5.39
2021-08-01,JAWA TIMUR,133979.10,715158.77,5.34
2021-09-01,JAWA TIMUR,81433.87,484774.35,5.95
2021-10-01,JAWA TIMUR,82129.57,493039.28,6
2021-11-01,JAWA TIMUR,85916.13,520043.05,6.05
2021-12-01,JAWA TIMUR,63659.59,371418.51,5.83
2018-01-01,BANTEN,14504.41,74385.46,5.13
2018-02-01,BANTEN,25973.38,137376.62,5.29
2018-03-01,BANTEN,60008.84,310541.10,5.17
2018-04-01,BANTEN,45920.18,233014.22,5.07
2018-05-01,BANTEN,26297.79,121335.44,4.61
2018-06-01,BANTEN,24531.51,110397.73,4.5
2018-07-01,BANTEN,44691.54,201901.18,4.52
2018-08-01,BANTEN,33853.18,156660.80,4.63
2018-09-01,BANTEN,30002.38,148700.00,4.96
2018-10-01,BANTEN,19364.58,95657.73,4.94
2018-11-01,BANTEN,12330.31,61367.35,4.98
2018-12-01,BANTEN,7357.96,36445.67,4.95
2019-01-01,BANTEN,5731.41,28998.90,5.06
2019-02-01,BANTEN,12005.08,59117.51,4.92
2019-03-01,BANTEN,40604.37,208921.49,5.15
2019-04-01,BANTEN,81452.89,411752.33,5.06
2019-05-01,BANTEN,24099.06,108998.36,4.52
2019-06-01,BANTEN,15219.79,68603.58,4.51
2019-07-01,BANTEN,32225.77,142581.62,4.42
2019-08-01,BANTEN,28194.33,123475.49,4.38
2019-09-01,BANTEN,29184.51,143728.59,4.92
2019-10-01,BANTEN,22251.47,109343.56,4.91
2019-11-01,BANTEN,8316.51,42597.44,5.12
2019-12-01,BANTEN,4446.61,22384.48,5.03
2020-01-01,BANTEN,2988.69,15830.58,5.3
2020-02-01,BANTEN,3242.63,16715.48,5.15
2020-03-01,BANTEN,20816.44,110433.72,5.31
2020-04-01,BANTEN,80724.51,429746.36,5.32
2020-05-01,BANTEN,50611.23,250185.87,4.94
2020-06-01,BANTEN,11797.82,57357.12,4.86
2020-07-01,BANTEN,11492.05,56449.27,4.91
2020-08-01,BANTEN,39910.20,194038.91,4.86
2020-09-01,BANTEN,56865.40,289799.35,5.1
2020-10-01,BANTEN,35042.38,174174.67,4.97
2020-11-01,BANTEN,8846.65,45056.42,5.09
2020-12-01,BANTEN,2995.24,15382.34,5.14
2021-01-01,BANTEN,5538.72,28913.34,5.22
2021-02-01,BANTEN,21615.42,116251.81,5.38
2021-03-01,BANTEN,84035.32,446933.38,5.32
2021-04-01,BANTEN,37204.39,195095.84,5.24
2021-05-01,BANTEN,11475.62,57833.35,5.04
2021-06-01,BANTEN,17923.78,83062.42,4.63
2021-07-01,BANTEN,35531.24,167637.01,4.72
2021-08-01,BANTEN,25911.26,128614.38,4.96
2021-09-01,BANTEN,34288.24,163200.81,4.76
2021-10-01,BANTEN,28535.26,137734.92,4.83
2021-11-01,BANTEN,8339.19,40634.70,4.87
2021-12-01,BANTEN,7850.02,37335.04,4.76
2018-01-01,BALI,8156.83,51260.55,6.28
2018-02-01,BALI,5507.73,33704.11,6.12
2018-03-01,BALI,10565.85,65361.08,6.19
2018-04-01,BALI,14801.20,91293.33,6.17
2018-05-01,BALI,12866.15,76183.25,5.92
2018-06-01,BALI,8744.03,50892.76,5.82
2018-07-01,BALI,8730.95,51168.77,5.86
2018-08-01,BALI,6554.22,38345.89,5.85
2018-09-01,BALI,7447.80,44125.39,5.92
2018-10-01,BALI,9615.24,56782.44,5.91
2018-11-01,BALI,11089.29,66546.37,6
2018-12-01,BALI,6899.08,41405.12,6
2019-01-01,BALI,5682.21,34708.76,6.11
2019-02-01,BALI,2341.87,14144.63,6.04
2019-03-01,BALI,9039.75,55366.46,6.12
2019-04-01,BALI,12958.9,78554.84,6.06
2019-05-01,BALI,15039.46,85853.38,5.71
2019-06-01,BALI,9572.18,54683.07,5.71
2019-07-01,BALI,4344.81,24775.39,5.7
2019-08-01,BALI,7400.04,42590.92,5.76
2019-09-01,BALI,5630.18,35372.94,6.28
2019-10-01,BALI,7388.04,47805.16,6.47
2019-11-01,BALI,9563.58,64589.55,6.75
2019-12-01,BALI,6358.32,40875.43,6.43
2020-01-01,BALI,4108.79,23964.91,5.83
2020-02-01,BALI,1714.21,10291.72,6
2020-03-01,BALI,4491.60,27470.93,6.12
2020-04-01,BALI,12927.93,76480.88,5.92
2020-05-01,BALI,10119.52,56609.48,5.59
2020-06-01,BALI,9258.93,51080.95,5.52
2020-07-01,BALI,8762.48,48306.71,5.51
2020-08-01,BALI,8602.88,48072.88,5.59
2020-09-01,BALI,6393.43,37716.77,5.9
2020-10-01,BALI,10298.75,63273.09,6.14
2020-11-01,BALI,9463.14,59435.79,6.28
2020-12-01,BALI,4839.03,29464.34,6.09
2021-01-01,BALI,7171.16,41937.39,5.85
2021-02-01,BALI,6532.20,37425.14,5.73
2021-03-01,BALI,8992.94,52123.76,5.8
2021-04-01,BALI,13486.41,78874.36,5.85
2021-05-01,BALI,11799.08,68093.15,5.77
2021-06-01,BALI,7576.69,42590.94,5.62
2021-07-01,BALI,6872.49,38569.05,5.61
2021-08-01,BALI,6652.56,38685.71,5.82
2021-09-01,BALI,6899.74,41533.73,6.02
2021-10-01,BALI,10560.11,64962.59,6.15
2021-11-01,BALI,9458.04,58785.49,6.22
2021-12-01,BALI,9199.89,55329.50,6.01
2018-01-01,NUSA TENGGARA BARAT,5928.19,31112.15,5.25
2018-02-01,NUSA TENGGARA BARAT,17747.87,94566.12,5.33
2018-03-01,NUSA TENGGARA BARAT,72168.68,377660.61,5.23
2018-04-01,NUSA TENGGARA BARAT,71078.24,360264.65,5.07
2018-05-01,NUSA TENGGARA BARAT,26767.63,128574.69,4.8
2018-06-01,NUSA TENGGARA BARAT,18160.48,83617.34,4.6
2018-07-01,NUSA TENGGARA BARAT,25261.80,115065.40,4.55
2018-08-01,NUSA TENGGARA BARAT,16111.56,76145.86,4.73
2018-09-01,NUSA TENGGARA BARAT,15538.68,84321.50,5.43
2018-10-01,NUSA TENGGARA BARAT,8912.96,47135.95,5.29
2018-11-01,NUSA TENGGARA BARAT,6044.15,31695.33,5.24
2018-12-01,NUSA TENGGARA BARAT,5522.35,30179.21,5.46
2019-01-01,NUSA TENGGARA BARAT,7138.22,37357.30,5.23
2019-02-01,NUSA TENGGARA BARAT,8956.50,47338.74,5.29
2019-03-01,NUSA TENGGARA BARAT,56613.75,288681.09,5.1
2019-04-01,NUSA TENGGARA BARAT,77581.29,390467.86,5.03
2019-05-01,NUSA TENGGARA BARAT,40437.25,186565.42,4.61
2019-06-01,NUSA TENGGARA BARAT,12004.59,57583.86,4.8
2019-07-01,NUSA TENGGARA BARAT,29863.96,137033.03,4.59
2019-08-01,NUSA TENGGARA BARAT,17152.36,80173.46,4.67
2019-09-01,NUSA TENGGARA BARAT,9101.95,50568.90,5.56
2019-10-01,NUSA TENGGARA BARAT,10343.67,58433.81,5.65
2019-11-01,NUSA TENGGARA BARAT,7488.89,41102.31,5.49
2019-12-01,NUSA TENGGARA BARAT,4983.61,26876.61,5.39
2020-01-01,NUSA TENGGARA BARAT,4957.77,24831.09,5.01
2020-02-01,NUSA TENGGARA BARAT,6641.84,33451.16,5.04
2020-03-01,NUSA TENGGARA BARAT,16230.74,81101.15,5
2020-04-01,NUSA TENGGARA BARAT,82514.22,386856.65,4.69
2020-05-01,NUSA TENGGARA BARAT,66892.29,316317.12,4.73
2020-06-01,NUSA TENGGARA BARAT,17029.59,82428.20,4.84
2020-07-01,NUSA TENGGARA BARAT,18054.72,82255.37,4.56
2020-08-01,NUSA TENGGARA BARAT,26658.69,121797.14,4.57
2020-09-01,NUSA TENGGARA BARAT,11654.27,62977.81,5.4
2020-10-01,NUSA TENGGARA BARAT,10832.92,59378.20,5.48
2020-11-01,NUSA TENGGARA BARAT,8222.11,44702.36,5.44
2020-12-01,NUSA TENGGARA BARAT,3771.66,21093.56,5.59
2021-01-01,NUSA TENGGARA BARAT,6542.57,35184.29,5.38
2021-02-01,NUSA TENGGARA BARAT,7796.08,40389.24,5.18
2021-03-01,NUSA TENGGARA BARAT,54222.78,284451.81,5.25
2021-04-01,NUSA TENGGARA BARAT,86861.67,458896.08,5.28
2021-05-01,NUSA TENGGARA BARAT,31794.54,158852.08,5
2021-06-01,NUSA TENGGARA BARAT,10394.61,50206.49,4.83
2021-07-01,NUSA TENGGARA BARAT,33156.77,157863.74,4.76
2021-08-01,NUSA TENGGARA BARAT,14679.49,71185.83,4.85
2021-09-01,NUSA TENGGARA BARAT,7386.36,39363.94,5.33
2021-10-01,NUSA TENGGARA BARAT,9629.45,52307.78,5.43
2021-11-01,NUSA TENGGARA BARAT,8168.20,42543.92,5.21
2021-12-01,NUSA TENGGARA BARAT,5579.36,28314.64,5.07
2018-01-01,NUSA TENGGARA TIMUR,18958.72,88744.86,4.68
2018-02-01,NUSA TENGGARA TIMUR,8146.49,30652.51,3.76
2018-03-01,NUSA TENGGARA TIMUR,16626.92,66047.41,3.97
2018-04-01,NUSA TENGGARA TIMUR,36024.88,153818.01,4.27
2018-05-01,NUSA TENGGARA TIMUR,55324.96,205423.22,3.71
2018-06-01,NUSA TENGGARA TIMUR,22016.80,78877.97,3.58
2018-07-01,NUSA TENGGARA TIMUR,9778.34,38307.39,3.92
2018-08-01,NUSA TENGGARA TIMUR,8044.16,30684.70,3.81
2018-09-01,NUSA TENGGARA TIMUR,11580.22,55978.26,4.83
2018-10-01,NUSA TENGGARA TIMUR,12279.78,58346.79,4.75
2018-11-01,NUSA TENGGARA TIMUR,11846.15,57157.01,4.82
2018-12-01,NUSA TENGGARA TIMUR,7605.49,35897.75,4.72
2019-01-01,NUSA TENGGARA TIMUR,5816.69,25789.36,4.43
2019-02-01,NUSA TENGGARA TIMUR,5538.87,22005.01,3.97
2019-03-01,NUSA TENGGARA TIMUR,15269.85,59206.19,3.88
2019-04-01,NUSA TENGGARA TIMUR,34008.21,136719.64,4.02
2019-05-01,NUSA TENGGARA TIMUR,45896.49,180233.39,3.93
2019-06-01,NUSA TENGGARA TIMUR,36911.86,148215.61,4.02
2019-07-01,NUSA TENGGARA TIMUR,9183.00,38772.24,4.22
2019-08-01,NUSA TENGGARA TIMUR,6645.51,26788.27,4.03
2019-09-01,NUSA TENGGARA TIMUR,12194.15,54311.99,4.45
2019-10-01,NUSA TENGGARA TIMUR,9403.58,40217.58,4.28
2019-11-01,NUSA TENGGARA TIMUR,12276.57,53138.49,4.33
2019-12-01,NUSA TENGGARA TIMUR,5922.63,26326.41,4.45
2020-01-01,NUSA TENGGARA TIMUR,6382.96,30100.75,4.72
2020-02-01,NUSA TENGGARA TIMUR,7588.37,25754.20,3.39
2020-03-01,NUSA TENGGARA TIMUR,6564.94,27946.05,4.26
2020-04-01,NUSA TENGGARA TIMUR,30264.58,116101.80,3.84
2020-05-01,NUSA TENGGARA TIMUR,43818.12,162356.40,3.71
2020-06-01,NUSA TENGGARA TIMUR,29149.11,110864.19,3.8
2020-07-01,NUSA TENGGARA TIMUR,10683.32,42207.10,3.95
2020-08-01,NUSA TENGGARA TIMUR,9311.56,38209.90,4.1
2020-09-01,NUSA TENGGARA TIMUR,10550.31,48538.41,4.6
2020-10-01,NUSA TENGGARA TIMUR,9681.96,42618.51,4.4
2020-11-01,NUSA TENGGARA TIMUR,10607.85,48114.70,4.54
2020-12-01,NUSA TENGGARA TIMUR,7087.55,32212.29,4.54
2021-01-01,NUSA TENGGARA TIMUR,4332.51,17933.49,4.14
2021-02-01,NUSA TENGGARA TIMUR,6231.08,21649.71,3.47
2021-03-01,NUSA TENGGARA TIMUR,12667.77,54905.54,4.33
2021-04-01,NUSA TENGGARA TIMUR,28876.62,114597.13,3.97
2021-05-01,NUSA TENGGARA TIMUR,46859.77,189028.53,4.03
2021-06-01,NUSA TENGGARA TIMUR,28753.38,119806.97,4.17
2021-07-01,NUSA TENGGARA TIMUR,8402.91,36902.67,4.39
2021-08-01,NUSA TENGGARA TIMUR,4300.96,18067.81,4.2
2021-09-01,NUSA TENGGARA TIMUR,7134.51,33114.18,4.64
2021-10-01,NUSA TENGGARA TIMUR,10637.35,48482.72,4.56
2021-11-01,NUSA TENGGARA TIMUR,10947.22,50603.91,4.62
2021-12-01,NUSA TENGGARA TIMUR,5755.99,26785.08,4.65
2018-01-01,KALIMANTAN BARAT,10461.73,27732.36,2.65
2018-02-01,KALIMANTAN BARAT,63490.91,167026.14,2.63
2018-03-01,KALIMANTAN BARAT,61112.42,167368.80,2.74
2018-04-01,KALIMANTAN BARAT,26706.57,74515.44,2.79
2018-05-01,KALIMANTAN BARAT,14365.27,47741.83,3.32
2018-06-01,KALIMANTAN BARAT,10849.12,32273.72,2.97
2018-07-01,KALIMANTAN BARAT,21024.58,60147.40,2.86
2018-08-01,KALIMANTAN BARAT,23743.65,66226.08,2.79
2018-09-01,KALIMANTAN BARAT,15643.89,47470.32,3.03
2018-10-01,KALIMANTAN BARAT,10638.21,32957.63,3.1
2018-11-01,KALIMANTAN BARAT,10484.82,29255.10,2.79
2018-12-01,KALIMANTAN BARAT,17954.86,47000.39,2.62
2019-01-01,KALIMANTAN BARAT,27242.65,75574.41,2.77
2019-02-01,KALIMANTAN BARAT,67326.68,188874.76,2.81
2019-03-01,KALIMANTAN BARAT,53045.47,158557.63,2.99
2019-04-01,KALIMANTAN BARAT,19653.70,56794.12,2.89
2019-05-01,KALIMANTAN BARAT,6087.27,17043.44,2.8
2019-06-01,KALIMANTAN BARAT,9266.81,24762.61,2.67
2019-07-01,KALIMANTAN BARAT,19600.04,52920.71,2.7
2019-08-01,KALIMANTAN BARAT,28323.62,75672.88,2.67
2019-09-01,KALIMANTAN BARAT,16092.40,54696.37,3.4
2019-10-01,KALIMANTAN BARAT,9709.26,32695.81,3.37
2019-11-01,KALIMANTAN BARAT,9099.45,29726.34,3.27
2019-12-01,KALIMANTAN BARAT,24601.09,80556.05,3.27
2020-01-01,KALIMANTAN BARAT,27060.04,78361.20,2.9
2020-02-01,KALIMANTAN BARAT,41740.81,122407.76,2.93
2020-03-01,KALIMANTAN BARAT,51754.41,158224.25,3.06
2020-04-01,KALIMANTAN BARAT,31985.06,97171.12,3.04
2020-05-01,KALIMANTAN BARAT,18721.75,58590.32,3.13
2020-06-01,KALIMANTAN BARAT,5566.84,16492.63,2.96
2020-07-01,KALIMANTAN BARAT,17585.05,49241.91,2.8
2020-08-01,KALIMANTAN BARAT,25569.57,72345.70,2.83
2020-09-01,KALIMANTAN BARAT,18473.82,64276.88,3.48
2020-10-01,KALIMANTAN BARAT,9624.00,33427.63,3.47
2020-11-01,KALIMANTAN BARAT,4556.98,15531.72,3.41
2020-12-01,KALIMANTAN BARAT,3937.10,12099.24,3.07
2021-01-01,KALIMANTAN BARAT,24402.78,68699.78,2.82
2021-02-01,KALIMANTAN BARAT,40115.56,123146.75,3.07
2021-03-01,KALIMANTAN BARAT,50788.97,167297.79,3.29
2021-04-01,KALIMANTAN BARAT,21798.48,73248.68,3.36
2021-05-01,KALIMANTAN BARAT,8121.87,24521.99,3.02
2021-06-01,KALIMANTAN BARAT,7466.85,22373.73,3
2021-07-01,KALIMANTAN BARAT,16199.09,49109.15,3.03
2021-08-01,KALIMANTAN BARAT,18999.12,56866.72,2.99
2021-09-01,KALIMANTAN BARAT,16510.10,58477.70,3.54
2021-10-01,KALIMANTAN BARAT,8801.58,31777.36,3.61
2021-11-01,KALIMANTAN BARAT,4595.50,17065.77,3.71
2021-12-01,KALIMANTAN BARAT,5365.84,19312.59,3.6
2018-01-01,KALIMANTAN TENGAH,12556.99,57226.99,4.56
2018-02-01,KALIMANTAN TENGAH,15140.99,57182.73,3.78
2018-03-01,KALIMANTAN TENGAH,16400.32,50376.78,3.07
2018-04-01,KALIMANTAN TENGAH,16380.44,52133.29,3.18
2018-05-01,KALIMANTAN TENGAH,9737.56,33987.54,3.49
2018-06-01,KALIMANTAN TENGAH,8380.28,29154.43,3.48
2018-07-01,KALIMANTAN TENGAH,15308.90,56526.21,3.69
2018-08-01,KALIMANTAN TENGAH,31842.72,116207.10,3.65
2018-09-01,KALIMANTAN TENGAH,17417.17,46568.59,2.67
2018-10-01,KALIMANTAN TENGAH,2547.71,8572.34,3.36
2018-11-01,KALIMANTAN TENGAH,627.90,2323.76,3.7
2018-12-01,KALIMANTAN TENGAH,1230.71,4509.29,3.66
2019-01-01,KALIMANTAN TENGAH,4089.38,11779.32,2.88
2019-02-01,KALIMANTAN TENGAH,12464.80,35255.45,2.83
2019-03-01,KALIMANTAN TENGAH,19939.77,57782.00,2.9
2019-04-01,KALIMANTAN TENGAH,16448.19,47428.00,2.88
2019-05-01,KALIMANTAN TENGAH,7048.07,20211.19,2.87
2019-06-01,KALIMANTAN TENGAH,7683.88,22108.53,2.88
2019-07-01,KALIMANTAN TENGAH,17737.77,56132.00,3.16
2019-08-01,KALIMANTAN TENGAH,31863.05,98329.93,3.09
2019-09-01,KALIMANTAN TENGAH,22294.28,69049.98,3.1
2019-10-01,KALIMANTAN TENGAH,1011.99,3608.41,3.57
2019-11-01,KALIMANTAN TENGAH,1573.16,5762.31,3.66
2019-12-01,KALIMANTAN TENGAH,3990.17,16114.21,4.04
2020-01-01,KALIMANTAN TENGAH,3427.44,7309.61,2.13
2020-02-01,KALIMANTAN TENGAH,16630.07,39052.79,2.35
2020-03-01,KALIMANTAN TENGAH,16763.37,42099.09,2.51
2020-04-01,KALIMANTAN TENGAH,15264.55,38154.94,2.5
2020-05-01,KALIMANTAN TENGAH,11711.77,36432.96,3.11
2020-06-01,KALIMANTAN TENGAH,5273.39,15062.06,2.86
2020-07-01,KALIMANTAN TENGAH,8834.46,28019.27,3.17
2020-08-01,KALIMANTAN TENGAH,27980.52,98239.68,3.51
2020-09-01,KALIMANTAN TENGAH,27275.12,112403.21,4.12
2020-10-01,KALIMANTAN TENGAH,4930.05,22056.96,4.47
2020-11-01,KALIMANTAN TENGAH,2105.11,8256.85,3.92
2020-12-01,KALIMANTAN TENGAH,3079.20,10864.58,3.53
2021-01-01,KALIMANTAN TENGAH,4226.84,13390.79,3.17
2021-02-01,KALIMANTAN TENGAH,9374.30,27956.57,2.98
2021-03-01,KALIMANTAN TENGAH,16003.53,45468.53,2.84
2021-04-01,KALIMANTAN TENGAH,12614.87,34324.85,2.72
2021-05-01,KALIMANTAN TENGAH,6416.62,20050.64,3.12
2021-06-01,KALIMANTAN TENGAH,4097.23,12134.79,2.96
2021-07-01,KALIMANTAN TENGAH,11435.72,34986.72,3.06
2021-08-01,KALIMANTAN TENGAH,30013.30,92499.96,3.08
2021-09-01,KALIMANTAN TENGAH,21665.38,67504.21,3.12
2021-10-01,KALIMANTAN TENGAH,8317.75,27019.38,3.25
2021-11-01,KALIMANTAN TENGAH,1054.83,3671.24,3.48
2021-12-01,KALIMANTAN TENGAH,649.68,2181.87,3.36
2018-01-01,KALIMANTAN SELATAN,2427.24,11144.34,4.59
2018-02-01,KALIMANTAN SELATAN,6506.53,33678.24,5.18
2018-03-01,KALIMANTAN SELATAN,23291.55,120421.16,5.17
2018-04-01,KALIMANTAN SELATAN,31177.60,149041.36,4.78
2018-05-01,KALIMANTAN SELATAN,36067.42,147295.80,4.08
2018-06-01,KALIMANTAN SELATAN,27205.30,104327.06,3.83
2018-07-01,KALIMANTAN SELATAN,52871.88,192822.28,3.65
2018-08-01,KALIMANTAN SELATAN,70479.66,257090.20,3.65
2018-09-01,KALIMANTAN SELATAN,42858.31,166643.57,3.89
2018-10-01,KALIMANTAN SELATAN,22279.40,109602.08,4.92
2018-11-01,KALIMANTAN SELATAN,6630.31,29252.65,4.41
2018-12-01,KALIMANTAN SELATAN,1296.01,6173.67,4.76
2019-01-01,KALIMANTAN SELATAN,5509.01,24427.93,4.43
2019-02-01,KALIMANTAN SELATAN,8993.83,39795.83,4.42
2019-03-01,KALIMANTAN SELATAN,23166.70,108226.26,4.67
2019-04-01,KALIMANTAN SELATAN,31182.56,136273.68,4.37
2019-05-01,KALIMANTAN SELATAN,38634.52,138310.13,3.58
2019-06-01,KALIMANTAN SELATAN,41329.48,148498.23,3.59
2019-07-01,KALIMANTAN SELATAN,50434.82,174644.47,3.46
2019-08-01,KALIMANTAN SELATAN,77908.34,267387.60,3.43
2019-09-01,KALIMANTAN SELATAN,46598.53,178914.20,3.84
2019-10-01,KALIMANTAN SELATAN,18754.23,81431.64,4.34
2019-11-01,KALIMANTAN SELATAN,9844.46,32870.16,3.34
2019-12-01,KALIMANTAN SELATAN,3889.47,12081.69,3.11
2020-01-01,KALIMANTAN SELATAN,603.46,2397.53,3.97
2020-02-01,KALIMANTAN SELATAN,5102.91,15768.45,3.09
2020-03-01,KALIMANTAN SELATAN,16824.08,72062.50,4.28
2020-04-01,KALIMANTAN SELATAN,24147.35,97434.93,4.04
2020-05-01,KALIMANTAN SELATAN,24897.15,96371.14,3.87
2020-06-01,KALIMANTAN SELATAN,26507.92,100116.03,3.78
2020-07-01,KALIMANTAN SELATAN,19205.33,74497.92,3.88
2020-08-01,KALIMANTAN SELATAN,83634.93,316941.88,3.79
2020-09-01,KALIMANTAN SELATAN,46068.79,175966.38,3.82
2020-10-01,KALIMANTAN SELATAN,23021.18,104112.20,4.52
2020-11-01,KALIMANTAN SELATAN,17208.83,81899.60,4.76
2020-12-01,KALIMANTAN SELATAN,2614.42,12738.10,4.87
2021-01-01,KALIMANTAN SELATAN,915.67,3877.02,4.23
2021-02-01,KALIMANTAN SELATAN,2404.16,9974.29,4.15
2021-03-01,KALIMANTAN SELATAN,14581.21,68722.54,4.71
2021-04-01,KALIMANTAN SELATAN,21670.44,102079.41,4.71
2021-05-01,KALIMANTAN SELATAN,18633.93,76467.34,4.1
2021-06-01,KALIMANTAN SELATAN,20301.95,79922.49,3.94
2021-07-01,KALIMANTAN SELATAN,18682.41,72635.43,3.89
2021-08-01,KALIMANTAN SELATAN,57970.16,219644.40,3.79
2021-09-01,KALIMANTAN SELATAN,55872.46,208250.83,3.73
2021-10-01,KALIMANTAN SELATAN,33014.73,131503.60,3.98
2021-11-01,KALIMANTAN SELATAN,9560.37,40601.47,4.25
2021-12-01,KALIMANTAN SELATAN,656.10,2634.73,4.02
2018-01-01,KALIMANTAN TIMUR,1024.04,3558.65,3.48
2018-02-01,KALIMANTAN TIMUR,6377.28,29727.46,4.66
2018-03-01,KALIMANTAN TIMUR,11246.62,47216.01,4.2
2018-04-01,KALIMANTAN TIMUR,11514.18,46501.12,4.04
2018-05-01,KALIMANTAN TIMUR,4289.03,16104.84,3.75
2018-06-01,KALIMANTAN TIMUR,1453.48,5737.88,3.95
2018-07-01,KALIMANTAN TIMUR,3520.61,14420.46,4.1
2018-08-01,KALIMANTAN TIMUR,12890.80,54175.40,4.2
2018-09-01,KALIMANTAN TIMUR,7034.49,25410.77,3.61
2018-10-01,KALIMANTAN TIMUR,2856.57,10211.79,3.57
2018-11-01,KALIMANTAN TIMUR,1677.88,5911.09,3.52
2018-12-01,KALIMANTAN TIMUR,1076.18,3798.41,3.53
2019-01-01,KALIMANTAN TIMUR,2046.76,7817.50,3.82
2019-02-01,KALIMANTAN TIMUR,7012.82,27062.01,3.86
2019-03-01,KALIMANTAN TIMUR,16374.62,63401.63,3.87
2019-04-01,KALIMANTAN TIMUR,8091.82,32089.20,3.97
2019-05-01,KALIMANTAN TIMUR,3597.76,11664.16,3.24
2019-06-01,KALIMANTAN TIMUR,1489.89,5153.36,3.46
2019-07-01,KALIMANTAN TIMUR,5061.74,17458.07,3.45
2019-08-01,KALIMANTAN TIMUR,12066.85,40242.61,3.33
2019-09-01,KALIMANTAN TIMUR,7933.12,27831.18,3.51
2019-10-01,KALIMANTAN TIMUR,3827.84,12862.77,3.36
2019-11-01,KALIMANTAN TIMUR,915.52,3535.75,3.86
2019-12-01,KALIMANTAN TIMUR,1289.01,4700.13,3.65
2020-01-01,KALIMANTAN TIMUR,827.03,2592.63,3.13
2020-02-01,KALIMANTAN TIMUR,4871.70,18829.28,3.87
2020-03-01,KALIMANTAN TIMUR,14821.61,55023.29,3.71
2020-04-01,KALIMANTAN TIMUR,8284.54,30581.52,3.69
2020-05-01,KALIMANTAN TIMUR,4763.87,16452.73,3.45
2020-06-01,KALIMANTAN TIMUR,2589.49,8687.13,3.35
2020-07-01,KALIMANTAN TIMUR,2310.16,9545.65,4.13
2020-08-01,KALIMANTAN TIMUR,12489.12,45034.20,3.61
2020-09-01,KALIMANTAN TIMUR,11482.76,36978.90,3.22
2020-10-01,KALIMANTAN TIMUR,5626.59,19064.48,3.39
2020-11-01,KALIMANTAN TIMUR,2704.88,9646.08,3.57
2020-12-01,KALIMANTAN TIMUR,2796.69,9998.63,3.58
2021-01-01,KALIMANTAN TIMUR,1365.55,4972.92,3.64
2021-02-01,KALIMANTAN TIMUR,10151.58,36380.96,3.58
2021-03-01,KALIMANTAN TIMUR,16009.54,59627.47,3.72
2021-04-01,KALIMANTAN TIMUR,6125.15,22713.78,3.71
2021-05-01,KALIMANTAN TIMUR,1350.80,4881.68,3.61
2021-06-01,KALIMANTAN TIMUR,1800.00,6657.74,3.7
2021-07-01,KALIMANTAN TIMUR,5031.74,18225.32,3.62
2021-08-01,KALIMANTAN TIMUR,11047.38,39875.99,3.61
2021-09-01,KALIMANTAN TIMUR,10788.04,41735.31,3.87
2021-10-01,KALIMANTAN TIMUR,1472.13,5718.47,3.88
2021-11-01,KALIMANTAN TIMUR,623.97,2117.83,3.39
2021-12-01,KALIMANTAN TIMUR,503.58,1770.49,3.52
2018-01-01,KALIMANTAN UTARA,2610.14,7791.85,2.99
2018-02-01,KALIMANTAN UTARA,2897.51,8072.59,2.79
2018-03-01,KALIMANTAN UTARA,1788.60,5770.10,3.23
2018-04-01,KALIMANTAN UTARA,314.46,858.78,2.73
2018-05-01,KALIMANTAN UTARA,514.72,1831.95,3.56
2018-06-01,KALIMANTAN UTARA,676.78,2437.77,3.6
2018-07-01,KALIMANTAN UTARA,448.18,1637.29,3.65
2018-08-01,KALIMANTAN UTARA,554.23,1929.63,3.48
2018-09-01,KALIMANTAN UTARA,513.73,1937.09,3.77
2018-10-01,KALIMANTAN UTARA,491.36,1864.02,3.79
2018-11-01,KALIMANTAN UTARA,500.74,1902.78,3.8
2018-12-01,KALIMANTAN UTARA,2396.55,9029.68,3.77
2019-01-01,KALIMANTAN UTARA,1359.13,3717.35,2.74
2019-02-01,KALIMANTAN UTARA,2285.19,6107.17,2.67
2019-03-01,KALIMANTAN UTARA,844.66,2364.41,2.8
2019-04-01,KALIMANTAN UTARA,322.01,899.63,2.79
2019-05-01,KALIMANTAN UTARA,179.08,534.35,2.98
2019-06-01,KALIMANTAN UTARA,480.97,1419.96,2.95
2019-07-01,KALIMANTAN UTARA,262.36,761.58,2.9
2019-08-01,KALIMANTAN UTARA,627.98,2340.75,3.73
2019-09-01,KALIMANTAN UTARA,609.79,2443.08,4.01
2019-10-01,KALIMANTAN UTARA,1247.72,4683.13,3.75
2019-11-01,KALIMANTAN UTARA,394.96,1519.71,3.85
2019-12-01,KALIMANTAN UTARA,1680.85,6566.07,3.91
2020-01-01,KALIMANTAN UTARA,1499.95,5036.78,3.36
2020-02-01,KALIMANTAN UTARA,1417.29,4457.00,3.14
2020-03-01,KALIMANTAN UTARA,1808.48,5717.59,3.16
2020-04-01,KALIMANTAN UTARA,725.29,2423.07,3.34
2020-05-01,KALIMANTAN UTARA,976.14,3065.84,3.14
2020-06-01,KALIMANTAN UTARA,321.68,1039.66,3.23
2020-07-01,KALIMANTAN UTARA,262.28,901.71,3.44
2020-08-01,KALIMANTAN UTARA,477.26,1598.18,3.35
2020-09-01,KALIMANTAN UTARA,754.33,3005.28,3.98
2020-10-01,KALIMANTAN UTARA,580.34,2350.55,4.05
2020-11-01,KALIMANTAN UTARA,213.92,877.58,4.1
2020-12-01,KALIMANTAN UTARA,846.09,3101.04,3.67
2021-01-01,KALIMANTAN UTARA,2092.16,7112.95,3.4
2021-02-01,KALIMANTAN UTARA,1633.92,5314.96,3.25
2021-03-01,KALIMANTAN UTARA,1586.58,5248.73,3.31
2021-04-01,KALIMANTAN UTARA,348.21,1149.35,3.3
2021-05-01,KALIMANTAN UTARA,214.36,663.82,3.1
2021-06-01,KALIMANTAN UTARA,614.55,1890.91,3.08
2021-07-01,KALIMANTAN UTARA,639.39,2076.48,3.25
2021-08-01,KALIMANTAN UTARA,412.63,1408.38,3.41
2021-09-01,KALIMANTAN UTARA,303.17,1198.11,3.95
2021-10-01,KALIMANTAN UTARA,434.78,1691.55,3.89
2021-11-01,KALIMANTAN UTARA,173.91,560.90,3.23
2021-12-01,KALIMANTAN UTARA,427.17,1651.17,3.87
2018-01-01,SULAWESI UTARA,5708.82,26677.21,4.67
2018-02-01,SULAWESI UTARA,3251.55,14652.50,4.51
2018-03-01,SULAWESI UTARA,9161.01,41605.09,4.54
2018-04-01,SULAWESI UTARA,6455.34,29068.24,4.5
2018-05-01,SULAWESI UTARA,7117.29,33347.36,4.69
2018-06-01,SULAWESI UTARA,5240.84,25906.20,4.94
2018-07-01,SULAWESI UTARA,6147.96,30869.56,5.02
2018-08-01,SULAWESI UTARA,6946.41,32351.24,4.66
2018-09-01,SULAWESI UTARA,5487.56,25036.49,4.56
2018-10-01,SULAWESI UTARA,4696.47,21229.69,4.52
2018-11-01,SULAWESI UTARA,4710.29,21662.88,4.6
2018-12-01,SULAWESI UTARA,5429.08,24523.28,4.52
2019-01-01,SULAWESI UTARA,4717.81,18933.89,4.01
2019-02-01,SULAWESI UTARA,3070.00,12408.29,4.04
2019-03-01,SULAWESI UTARA,6842.40,27962.03,4.09
2019-04-01,SULAWESI UTARA,7686.25,31453.71,4.09
2019-05-01,SULAWESI UTARA,5674.47,25953.08,4.57
2019-06-01,SULAWESI UTARA,4907.89,22265.70,4.54
2019-07-01,SULAWESI UTARA,4099.61,18464.06,4.5
2019-08-01,SULAWESI UTARA,7923.68,36100.40,4.56
2019-09-01,SULAWESI UTARA,4529.44,22174.42,4.9
2019-10-01,SULAWESI UTARA,4566.99,22560.91,4.94
2019-11-01,SULAWESI UTARA,3911.58,19302.14,4.93
2019-12-01,SULAWESI UTARA,4090.27,20197.68,4.94
2020-01-01,SULAWESI UTARA,3362.23,15226.35,4.53
2020-02-01,SULAWESI UTARA,4130.64,18663.51,4.52
2020-03-01,SULAWESI UTARA,6047.79,27704.72,4.58
2020-04-01,SULAWESI UTARA,7262.80,33014.90,4.55
2020-05-01,SULAWESI UTARA,5083.86,19802.77,3.9
2020-06-01,SULAWESI UTARA,3508.01,13766.22,3.92
2020-07-01,SULAWESI UTARA,5952.26,22685.62,3.81
2020-08-01,SULAWESI UTARA,6806.49,25361.47,3.73
2020-09-01,SULAWESI UTARA,4962.04,18178.21,3.66
2020-10-01,SULAWESI UTARA,4901.68,18305.48,3.73
2020-11-01,SULAWESI UTARA,5219.95,19359.55,3.71
2020-12-01,SULAWESI UTARA,4590.11,16810.68,3.66
2021-01-01,SULAWESI UTARA,4561.15,17351.05,3.8
2021-02-01,SULAWESI UTARA,3661.55,13784.02,3.76
2021-03-01,SULAWESI UTARA,5976.51,21985.19,3.68
2021-04-01,SULAWESI UTARA,6212.29,23197.84,3.73
2021-05-01,SULAWESI UTARA,5829.24,24091.02,4.13
2021-06-01,SULAWESI UTARA,4486.52,18378.89,4.1
2021-07-01,SULAWESI UTARA,3597.71,14786.53,4.11
2021-08-01,SULAWESI UTARA,5167.23,21523.37,4.17
2021-09-01,SULAWESI UTARA,5472.85,20894.59,3.82
2021-10-01,SULAWESI UTARA,5795.12,22085.66,3.81
2021-11-01,SULAWESI UTARA,4550.16,18056.13,3.97
2021-12-01,SULAWESI UTARA,3872.19,16750.47,4.33
2018-01-01,SULAWESI TENGAH,12872.07,58848.93,4.57
2018-02-01,SULAWESI TENGAH,12778.74,58295.07,4.56
2018-03-01,SULAWESI TENGAH,17810.35,81992.25,4.6
2018-04-01,SULAWESI TENGAH,25793.59,118934.07,4.61
2018-05-01,SULAWESI TENGAH,24048.41,104788.46,4.36
2018-06-01,SULAWESI TENGAH,9627.20,42626.62,4.43
2018-07-01,SULAWESI TENGAH,11929.68,59816.62,5.01
2018-08-01,SULAWESI TENGAH,13494.63,64345.22,4.77
2018-09-01,SULAWESI TENGAH,15918.14,73092.40,4.59
2018-10-01,SULAWESI TENGAH,24088.27,109525.94,4.55
2018-11-01,SULAWESI TENGAH,22581.45,105466.10,4.67
2018-12-01,SULAWESI TENGAH,10336.71,49246.98,4.76
2019-01-01,SULAWESI TENGAH,8874.58,40109.24,4.52
2019-02-01,SULAWESI TENGAH,9917.69,45609.94,4.6
2019-03-01,SULAWESI TENGAH,15394.46,71621.59,4.65
2019-04-01,SULAWESI TENGAH,21879.65,98178.90,4.49
2019-05-01,SULAWESI TENGAH,23743.76,108794.88,4.58
2019-06-01,SULAWESI TENGAH,13822.22,63954.70,4.63
2019-07-01,SULAWESI TENGAH,9357.60,43618.81,4.66
2019-08-01,SULAWESI TENGAH,7743.38,36494.24,4.71
2019-09-01,SULAWESI TENGAH,15936.27,70807.07,4.44
2019-10-01,SULAWESI TENGAH,27028.62,120938.10,4.47
2019-11-01,SULAWESI TENGAH,24028.42,108139.25,4.5
2019-12-01,SULAWESI TENGAH,8373.79,36637.58,4.38
2020-01-01,SULAWESI TENGAH,6431.06,28097.11,4.37
2020-02-01,SULAWESI TENGAH,6446.52,29059.48,4.51
2020-03-01,SULAWESI TENGAH,17021.08,79267.30,4.66
2020-04-01,SULAWESI TENGAH,24798.44,111077.56,4.48
2020-05-01,SULAWESI TENGAH,22332.47,100378.56,4.49
2020-06-01,SULAWESI TENGAH,10788.28,47958.07,4.45
2020-07-01,SULAWESI TENGAH,7470.44,32328.23,4.33
2020-08-01,SULAWESI TENGAH,15759.00,71052.68,4.51
2020-09-01,SULAWESI TENGAH,15735.59,66519.37,4.23
2020-10-01,SULAWESI TENGAH,26403.21,116377.86,4.41
2020-11-01,SULAWESI TENGAH,19869.39,88286.49,4.44
2020-12-01,SULAWESI TENGAH,5011.46,21846.13,4.36
2021-01-01,SULAWESI TENGAH,9617.97,47199.02,4.91
2021-02-01,SULAWESI TENGAH,15408.84,77616.20,5.04
2021-03-01,SULAWESI TENGAH,10402.93,49268.11,4.74
2021-04-01,SULAWESI TENGAH,19825.13,89592.63,4.52
2021-05-01,SULAWESI TENGAH,24919.14,117981.63,4.73
2021-06-01,SULAWESI TENGAH,14673.15,72003.69,4.91
2021-07-01,SULAWESI TENGAH,13912.76,72513.82,5.21
2021-08-01,SULAWESI TENGAH,4444.65,22196.09,4.99
2021-09-01,SULAWESI TENGAH,6566.38,28976.58,4.41
2021-10-01,SULAWESI TENGAH,28413.21,130420.08,4.59
2021-11-01,SULAWESI TENGAH,20983.35,97790.14,4.66
2021-12-01,SULAWESI TENGAH,13019.11,61454.78,4.72
2018-01-01,SULAWESI SELATAN,88348.99,413279.95,4.68
2018-02-01,SULAWESI SELATAN,66948.24,335486.80,5.01
2018-03-01,SULAWESI SELATAN,135015.67,708707.30,5.25
2018-04-01,SULAWESI SELATAN,162020.32,849923.58,5.25
2018-05-01,SULAWESI SELATAN,114190.01,554844.90,4.86
2018-06-01,SULAWESI SELATAN,33732.41,157448.30,4.67
2018-07-01,SULAWESI SELATAN,47378.73,232916.41,4.92
2018-08-01,SULAWESI SELATAN,175635.84,877996.70,5
2018-09-01,SULAWESI SELATAN,219866.88,1073461.62,4.88
2018-10-01,SULAWESI SELATAN,56967.53,292750.95,5.14
2018-11-01,SULAWESI SELATAN,65525.73,357132.46,5.45
2018-12-01,SULAWESI SELATAN,19853.75,98667.48,4.97
2019-01-01,SULAWESI SELATAN,17822.50,85492.19,4.8
2019-02-01,SULAWESI SELATAN,37414.36,185693.75,4.96
2019-03-01,SULAWESI SELATAN,134023.02,679185.28,5.07
2019-04-01,SULAWESI SELATAN,164718.66,809611.08,4.92
2019-05-01,SULAWESI SELATAN,106757.39,513983.35,4.81
2019-06-01,SULAWESI SELATAN,32541.60,152008.50,4.67
2019-07-01,SULAWESI SELATAN,50932.26,247545.88,4.86
2019-08-01,SULAWESI SELATAN,206438.64,974677.51,4.72
2019-09-01,SULAWESI SELATAN,118897.21,634188.91,5.33
2019-10-01,SULAWESI SELATAN,64641.28,351478.07,5.44
2019-11-01,SULAWESI SELATAN,58103.88,330568.61,5.69
2019-12-01,SULAWESI SELATAN,17897.95,89733.83,5.01
2020-01-01,SULAWESI SELATAN,12522.80,54341.44,4.34
2020-02-01,SULAWESI SELATAN,18214.36,84653.31,4.65
2020-03-01,SULAWESI SELATAN,79702.32,373737.15,4.69
2020-04-01,SULAWESI SELATAN,140774.79,669980.12,4.76
2020-05-01,SULAWESI SELATAN,159851.62,713775.64,4.47
2020-06-01,SULAWESI SELATAN,42880.90,188368.52,4.39
2020-07-01,SULAWESI SELATAN,45676.00,201679.77,4.42
2020-08-01,SULAWESI SELATAN,185307.15,813609.39,4.39
2020-09-01,SULAWESI SELATAN,130652.73,695673.43,5.32
2020-10-01,SULAWESI SELATAN,77750.19,430239.91,5.53
2020-11-01,SULAWESI SELATAN,66102.58,388009.03,5.87
2020-12-01,SULAWESI SELATAN,16822.70,94397.26,5.61
2021-01-01,SULAWESI SELATAN,23823.09,109247.27,4.59
2021-02-01,SULAWESI SELATAN,28946.14,143719.90,4.97
2021-03-01,SULAWESI SELATAN,121868.32,613377.97,5.03
2021-04-01,SULAWESI SELATAN,182283.47,919015.78,5.04
2021-05-01,SULAWESI SELATAN,93927.52,497796.79,5.3
2021-06-01,SULAWESI SELATAN,19546.48,100790.87,5.16
2021-07-01,SULAWESI SELATAN,31178.58,155657.99,4.99
2021-08-01,SULAWESI SELATAN,114375.58,554338.31,4.85
2021-09-01,SULAWESI SELATAN,199762.63,1057021.11,5.29
2021-10-01,SULAWESI SELATAN,93951.36,519583.70,5.53
2021-11-01,SULAWESI SELATAN,56980.57,322137.55,5.65
2021-12-01,SULAWESI SELATAN,18514.49,97949.99,5.29
2018-01-01,SULAWESI TENGGARA,11035.00,47142.83,4.27
2018-02-01,SULAWESI TENGGARA,7290.14,30710.19,4.21
2018-03-01,SULAWESI TENGGARA,5236.50,21928.43,4.19
2018-04-01,SULAWESI TENGGARA,11822.24,49323.63,4.17
2018-05-01,SULAWESI TENGGARA,17285.68,64950.60,3.76
2018-06-01,SULAWESI TENGGARA,13682.54,49834.88,3.64
2018-07-01,SULAWESI TENGGARA,13461.68,46582.72,3.46
2018-08-01,SULAWESI TENGGARA,7793.34,29379.57,3.77
2018-09-01,SULAWESI TENGGARA,9866.46,40547.16,4.11
2018-10-01,SULAWESI TENGGARA,18571.75,76183.29,4.1
2018-11-01,SULAWESI TENGGARA,12696.44,50495.71,3.98
2018-12-01,SULAWESI TENGGARA,7931.98,31797.13,4.01
2019-01-01,SULAWESI TENGGARA,8313.45,34320.86,4.13
2019-02-01,SULAWESI TENGGARA,4998.58,20472.82,4.1
2019-03-01,SULAWESI TENGGARA,3931.03,15695.83,3.99
2019-04-01,SULAWESI TENGGARA,13353.58,53018.55,3.97
2019-05-01,SULAWESI TENGGARA,20869.08,71545.81,3.43
2019-06-01,SULAWESI TENGGARA,16776.18,58143.11,3.47
2019-07-01,SULAWESI TENGGARA,9998.75,34114.18,3.41
2019-08-01,SULAWESI TENGGARA,8234.55,29668.67,3.6
2019-09-01,SULAWESI TENGGARA,7419.94,32931.26,4.44
2019-10-01,SULAWESI TENGGARA,19633.32,85634.67,4.36
2019-11-01,SULAWESI TENGGARA,13336.07,59524.56,4.46
2019-12-01,SULAWESI TENGGARA,5479.33,24636.61,4.5
2020-01-01,SULAWESI TENGGARA,8891.51,40967.12,4.61
2020-02-01,SULAWESI TENGGARA,2323.68,10185.47,4.38
2020-03-01,SULAWESI TENGGARA,1115.57,4565.53,4.09
2020-04-01,SULAWESI TENGGARA,8714.74,36955.23,4.24
2020-05-01,SULAWESI TENGGARA,23169.73,82512.86,3.56
2020-06-01,SULAWESI TENGGARA,14577.63,50790.08,3.48
2020-07-01,SULAWESI TENGGARA,12050.63,44277.25,3.67
2020-08-01,SULAWESI TENGGARA,8488.82,32026.03,3.77
2020-09-01,SULAWESI TENGGARA,6192.09,27581.91,4.45
2020-10-01,SULAWESI TENGGARA,24234.20,103111.53,4.25
2020-11-01,SULAWESI TENGGARA,16400.70,67814.76,4.13
2020-12-01,SULAWESI TENGGARA,7537.85,31985.72,4.24
2021-01-01,SULAWESI TENGGARA,5705.98,23748.12,4.16
2021-02-01,SULAWESI TENGGARA,3878.53,17531.36,4.52
2021-03-01,SULAWESI TENGGARA,3184.95,14557.42,4.57
2021-04-01,SULAWESI TENGGARA,15312.39,65191.32,4.26
2021-05-01,SULAWESI TENGGARA,25888.94,103356.04,3.99
2021-06-01,SULAWESI TENGGARA,9563.79,37903.55,3.96
2021-07-01,SULAWESI TENGGARA,6099.23,23517.82,3.86
2021-08-01,SULAWESI TENGGARA,4811.53,20450.24,4.25
2021-09-01,SULAWESI TENGGARA,7993.34,35706.60,4.47
2021-10-01,SULAWESI TENGGARA,20578.19,85795.29,4.17
2021-11-01,SULAWESI TENGGARA,14810.27,62129.07,4.19
2021-12-01,SULAWESI TENGGARA,9690.15,40142.25,4.14
2018-01-01,GORONTALO,8509.17,42111.32,4.95
2018-02-01,GORONTALO,6879.34,33868.85,4.92
2018-03-01,GORONTALO,3791.26,18530.15,4.89
2018-04-01,GORONTALO,4358.70,21931.64,5.03
2018-05-01,GORONTALO,3681.45,17681.66,4.8
2018-06-01,GORONTALO,7828.26,34094.28,4.36
2018-07-01,GORONTALO,7736.61,33801.79,4.37
2018-08-01,GORONTALO,2342.64,10094.95,4.31
2018-09-01,GORONTALO,3583.50,17428.08,4.86
2018-10-01,GORONTALO,3698.88,18636.15,5.04
2018-11-01,GORONTALO,1151.53,5783.35,5.02
2018-12-01,GORONTALO,3070.30,15578.18,5.07
2019-01-01,GORONTALO,3610.21,17948.68,4.97
2019-02-01,GORONTALO,3828.12,19130.66,5
2019-03-01,GORONTALO,8405.53,42719.69,5.08
2019-04-01,GORONTALO,7343.31,36130.48,4.92
2019-05-01,GORONTALO,1469.00,6255.15,4.26
2019-06-01,GORONTALO,4612.36,19131.80,4.15
2019-07-01,GORONTALO,2396.63,10422.79,4.35
2019-08-01,GORONTALO,6994.65,31000.15,4.43
2019-09-01,GORONTALO,5562.36,25275.55,4.54
2019-10-01,GORONTALO,3303.44,16828.82,5.09
2019-11-01,GORONTALO,490.58,2264.04,4.62
2019-12-01,GORONTALO,993.76,4103.30,4.13
2020-01-01,GORONTALO,3616.11,17252.74,4.77
2020-02-01,GORONTALO,2397.86,12364.65,5.16
2020-03-01,GORONTALO,5031.25,26963.13,5.36
2020-04-01,GORONTALO,5231.52,25994.26,4.97
2020-05-01,GORONTALO,3778.85,17438.08,4.61
2020-06-01,GORONTALO,4630.03,21445.09,4.63
2020-07-01,GORONTALO,3733.72,17742.52,4.75
2020-08-01,GORONTALO,4807.36,22293.30,4.64
2020-09-01,GORONTALO,7081.58,29748.71,4.2
2020-10-01,GORONTALO,3030.34,12900.62,4.26
2020-11-01,GORONTALO,1235.27,5255.70,4.25
2020-12-01,GORONTALO,4112.45,18228.40,4.43
2021-01-01,GORONTALO,4448.03,22021.18,4.95
2021-02-01,GORONTALO,7660.55,38464.71,5.02
2021-03-01,GORONTALO,3838.35,19323.97,5.03
2021-04-01,GORONTALO,3379.78,17432.71,5.16
2021-05-01,GORONTALO,5583.60,28005.39,5.02
2021-06-01,GORONTALO,3316.13,14817.35,4.47
2021-07-01,GORONTALO,3572.02,14842.58,4.16
2021-08-01,GORONTALO,5773.96,24940.60,4.32
2021-09-01,GORONTALO,2897.50,13242.76,4.57
2021-10-01,GORONTALO,6184.32,31683.94,5.12
2021-11-01,GORONTALO,1406.94,6580.67,4.68
2021-12-01,GORONTALO,652.32,3037.00,4.66
2018-01-01,SULAWESI BARAT,2172.33,8785.10,4.04
2018-02-01,SULAWESI BARAT,6667.09,31857.10,4.78
2018-03-01,SULAWESI BARAT,14571.96,79065.03,5.43
2018-04-01,SULAWESI BARAT,7163.27,34552.68,4.82
2018-05-01,SULAWESI BARAT,2791.63,11964.34,4.29
2018-06-01,SULAWESI BARAT,3041.81,12525.31,4.12
2018-07-01,SULAWESI BARAT,5247.68,24076.86,4.59
2018-08-01,SULAWESI BARAT,14498.96,73589.85,5.08
2018-09-01,SULAWESI BARAT,4458.27,20814.64,4.67
2018-10-01,SULAWESI BARAT,1804.62,7705.25,4.27
2018-11-01,SULAWESI BARAT,1854.14,7309.40,3.94
2018-12-01,SULAWESI BARAT,1032.02,4232.81,4.1
2019-01-01,SULAWESI BARAT,2260.49,9057.77,4.01
2019-02-01,SULAWESI BARAT,4149.81,21327.95,5.14
2019-03-01,SULAWESI BARAT,17688.45,98640.98,5.58
2019-04-01,SULAWESI BARAT,4834.12,24753.98,5.12
2019-05-01,SULAWESI BARAT,2640.56,11206.49,4.24
2019-06-01,SULAWESI BARAT,2744.91,11202.10,4.08
2019-07-01,SULAWESI BARAT,5466.33,23486.38,4.3
2019-08-01,SULAWESI BARAT,11540.45,50983.79,4.42
2019-09-01,SULAWESI BARAT,5395.06,24679.89,4.57
2019-10-01,SULAWESI BARAT,3368.90,14427.98,4.28
2019-11-01,SULAWESI BARAT,830.63,3554.06,4.28
2019-12-01,SULAWESI BARAT,1661.76,6820.85,4.1
2020-01-01,SULAWESI BARAT,1656.60,6792.58,4.1
2020-02-01,SULAWESI BARAT,2971.57,14094.90,4.74
2020-03-01,SULAWESI BARAT,7409.53,42067.03,5.68
2020-04-01,SULAWESI BARAT,7122.03,41555.24,5.83
2020-05-01,SULAWESI BARAT,6384.89,31034.30,4.86
2020-06-01,SULAWESI BARAT,7178.16,34602.74,4.82
2020-07-01,SULAWESI BARAT,2862.60,12640.95,4.42
2020-08-01,SULAWESI BARAT,8293.11,39788.84,4.8
2020-09-01,SULAWESI BARAT,6433.13,38499.58,5.98
2020-10-01,SULAWESI BARAT,6277.02,37829.74,6.03
2020-11-01,SULAWESI BARAT,5738.98,34466.46,6.01
2020-12-01,SULAWESI BARAT,2498.56,11678.01,4.67
2021-01-01,SULAWESI BARAT,1678.60,7273.84,4.33
2021-02-01,SULAWESI BARAT,3760.22,19512.56,5.19
2021-03-01,SULAWESI BARAT,10906.05,58985.79,5.41
2021-04-01,SULAWESI BARAT,4842.12,26406.79,5.45
2021-05-01,SULAWESI BARAT,5480.15,29929.55,5.46
2021-06-01,SULAWESI BARAT,3803.81,18098.82,4.76
2021-07-01,SULAWESI BARAT,5234.74,26774.30,5.11
2021-08-01,SULAWESI BARAT,8358.67,45710.49,5.47
2021-09-01,SULAWESI BARAT,3218.44,16997.78,5.28
2021-10-01,SULAWESI BARAT,5643.40,28587.52,5.07
2021-11-01,SULAWESI BARAT,4076.51,19746.74,4.84
2021-12-01,SULAWESI BARAT,2760.47,13048.28,4.73
2018-01-01,MALUKU,4213.23,17007.62,4.04
2018-02-01,MALUKU,2933.57,11871.71,4.05
2018-03-01,MALUKU,2156.07,8649.45,4.01
2018-04-01,MALUKU,2141.32,8634.11,4.03
2018-05-01,MALUKU,2358.74,9054.49,3.84
2018-06-01,MALUKU,2537.62,9934.46,3.91
2018-07-01,MALUKU,3234.15,12439.54,3.85
2018-08-01,MALUKU,2906.53,11149.57,3.84
2018-09-01,MALUKU,700.96,967.26,1.38
2018-10-01,MALUKU,2718.40,12895.29,4.74
2018-11-01,MALUKU,2009.95,9747.40,4.85
2018-12-01,MALUKU,1141.60,3877.96,3.4
2019-01-01,MALUKU,1423.52,4869.89,3.42
2019-02-01,MALUKU,2706.93,11112.50,4.11
2019-03-01,MALUKU,3037.27,11186.78,3.68
2019-04-01,MALUKU,3542.78,13446.54,3.8
2019-05-01,MALUKU,1333.81,4579.92,3.43
2019-06-01,MALUKU,840.45,3046.05,3.62
2019-07-01,MALUKU,4370.87,14785.16,3.38
2019-08-01,MALUKU,4878.32,18430.90,3.78
2019-09-01,MALUKU,1280.33,6056.60,4.73
2019-10-01,MALUKU,1441.58,6402.30,4.44
2019-11-01,MALUKU,182.92,760.23,4.16
2019-12-01,MALUKU,938.07,3577.88,3.81
2020-01-01,MALUKU,2522.56,9590.04,3.8
2020-02-01,MALUKU,996.37,3740.77,3.75
2020-03-01,MALUKU,2050.88,7520.14,3.67
2020-04-01,MALUKU,2738.32,9103.35,3.32
2020-05-01,MALUKU,2150.26,8309.39,3.86
2020-06-01,MALUKU,3826.41,15736.48,4.11
2020-07-01,MALUKU,1881.36,7563.38,4.02
2020-08-01,MALUKU,4175.76,16864.03,4.04
2020-09-01,MALUKU,1544.32,5858.85,3.79
2020-10-01,MALUKU,2410.79,9161.89,3.8
2020-11-01,MALUKU,2666.81,10337.08,3.88
2020-12-01,MALUKU,1704.38,6661.90,3.91
2021-01-01,MALUKU,3312.24,13354.55,4.03
2021-02-01,MALUKU,2035.05,7850.18,3.86
2021-03-01,MALUKU,3494.05,14993.64,4.29
2021-04-01,MALUKU,3071.39,12485.21,4.07
2021-05-01,MALUKU,1081.90,4174.59,3.86
2021-06-01,MALUKU,3507.06,14591.33,4.16
2021-07-01,MALUKU,1525.73,6331.73,4.15
2021-08-01,MALUKU,2227.82,9166.24,4.11
2021-09-01,MALUKU,1636.51,6726.73,4.11
2021-10-01,MALUKU,3458.98,14613.55,4.22
2021-11-01,MALUKU,1539.79,6608.81,4.29
2021-12-01,MALUKU,1429.23,5907.11,4.13
2018-01-01,MALUKU UTARA,819.58,3089.57,3.77
2018-02-01,MALUKU UTARA,1644.32,7033.74,4.28
2018-03-01,MALUKU UTARA,2571.66,9073.97,3.53
2018-04-01,MALUKU UTARA,794.94,3014.87,3.79
2018-05-01,MALUKU UTARA,612.69,2212.77,3.61
2018-06-01,MALUKU UTARA,596.65,2291.70,3.84
2018-07-01,MALUKU UTARA,1085.50,3924.42,3.62
2018-08-01,MALUKU UTARA,2948.98,10522.63,3.57
2018-09-01,MALUKU UTARA,665.69,2210.03,3.32
2018-10-01,MALUKU UTARA,341.35,1153.59,3.38
2018-11-01,MALUKU UTARA,543.30,1840.98,3.39
2018-12-01,MALUKU UTARA,788.09,2678.84,3.4
2019-01-01,MALUKU UTARA,960.18,3305.70,3.44
2019-02-01,MALUKU UTARA,1855.92,5764.21,3.11
2019-03-01,MALUKU UTARA,1186.78,3628.04,3.06
2019-04-01,MALUKU UTARA,831.21,2469.73,2.97
2019-05-01,MALUKU UTARA,983.18,3423.08,3.48
2019-06-01,MALUKU UTARA,634.29,1899.48,2.99
2019-07-01,MALUKU UTARA,1218.29,3848.18,3.16
2019-08-01,MALUKU UTARA,965.81,3310.33,3.43
2019-09-01,MALUKU UTARA,892.48,3072.88,3.44
2019-10-01,MALUKU UTARA,901.65,3093.60,3.43
2019-11-01,MALUKU UTARA,676.57,2259.70,3.34
2019-12-01,MALUKU UTARA,594.14,1870.71,3.15
2020-01-01,MALUKU UTARA,967.99,3785.60,3.91
2020-02-01,MALUKU UTARA,1730.65,7244.54,4.19
2020-03-01,MALUKU UTARA,470.56,1690.37,3.59
2020-04-01,MALUKU UTARA,910.91,3543.57,3.89
2020-05-01,MALUKU UTARA,752.01,3030.08,4.03
2020-06-01,MALUKU UTARA,581.68,2146.66,3.69
2020-07-01,MALUKU UTARA,2008.19,9879.86,4.92
2020-08-01,MALUKU UTARA,916.48,4293.33,4.68
2020-09-01,MALUKU UTARA,834.75,3096.37,3.71
2020-10-01,MALUKU UTARA,695.54,2722.31,3.91
2020-11-01,MALUKU UTARA,121.85,553.63,4.54
2020-12-01,MALUKU UTARA,311.30,1396.53,4.49
2021-01-01,MALUKU UTARA,1879.56,7241.60,3.85
2021-02-01,MALUKU UTARA,1179.96,4757.71,4.03
2021-03-01,MALUKU UTARA,828.91,3530.79,4.26
2021-04-01,MALUKU UTARA,819.10,3719.14,4.54
2021-05-01,MALUKU UTARA,274.78,860.61,3.13
2021-06-01,MALUKU UTARA,765.09,2252.90,2.94
2021-07-01,MALUKU UTARA,1208.79,3473.15,2.87
2021-08-01,MALUKU UTARA,155.06,450.79,2.91
2021-09-01,MALUKU UTARA,103.81,280.59,2.7
2021-10-01,MALUKU UTARA,351.55,917.29,2.61
2021-11-01,MALUKU UTARA,170.52,449.33,2.64
2021-12-01,MALUKU UTARA,44.83,116.90,2.61
2018-01-01,PAPUA BARAT,408.32,1307.77,3.2
2018-02-01,PAPUA BARAT,403.84,1343.14,3.33
2018-03-01,PAPUA BARAT,468.80,1675.55,3.57
2018-04-01,PAPUA BARAT,979.98,2898.87,2.96
2018-05-01,PAPUA BARAT,1541.58,4548.47,2.95
2018-06-01,PAPUA BARAT,486.97,1418.31,2.91
2018-07-01,PAPUA BARAT,413.53,1222.14,2.96
2018-08-01,PAPUA BARAT,182.86,536.69,2.93
2018-09-01,PAPUA BARAT,358.01,1345.14,3.76
2018-10-01,PAPUA BARAT,1686.73,5704.17,3.38
2018-11-01,PAPUA BARAT,554.30,2003.00,3.61
2018-12-01,PAPUA BARAT,282.09,963.88,3.42
2019-01-01,PAPUA BARAT,354.08,1182.88,3.34
2019-02-01,PAPUA BARAT,235.61,723.90,3.07
2019-03-01,PAPUA BARAT,1062.15,4419.25,4.16
2019-04-01,PAPUA BARAT,1345.70,4794.33,3.56
2019-05-01,PAPUA BARAT,136.66,664.11,4.86
2019-06-01,PAPUA BARAT,321.92,1551.36,4.82
2019-07-01,PAPUA BARAT,358.84,1752.83,4.88
2019-08-01,PAPUA BARAT,482.99,2352.25,4.87
2019-09-01,PAPUA BARAT,252.02,1047.33,4.16
2019-10-01,PAPUA BARAT,1913.01,8393.03,4.39
2019-11-01,PAPUA BARAT,391.56,1584.40,4.05
2019-12-01,PAPUA BARAT,337.61,1477.89,4.38
2020-01-01,PAPUA BARAT,467.47,1395.00,2.98
2020-02-01,PAPUA BARAT,81.72,239.97,2.94
2020-03-01,PAPUA BARAT,1286.72,3566.25,2.77
2020-04-01,PAPUA BARAT,339.93,932.67,2.74
2020-05-01,PAPUA BARAT,1107.91,3510.70,3.17
2020-06-01,PAPUA BARAT,997.42,2982.83,2.99
2020-07-01,PAPUA BARAT,245.87,858.46,3.49
2020-08-01,PAPUA BARAT,81.48,264.32,3.24
2020-09-01,PAPUA BARAT,1040.64,3566.35,3.43
2020-10-01,PAPUA BARAT,746.54,2420.43,3.24
2020-11-01,PAPUA BARAT,907.07,3668.86,4.04
2020-12-01,PAPUA BARAT,267.86,972.49,3.63
2021-01-01,PAPUA BARAT,370.54,1413.28,3.81
2021-02-01,PAPUA BARAT,125.91,431.19,3.42
2021-03-01,PAPUA BARAT,780.84,2789.72,3.57
2021-04-01,PAPUA BARAT,1360.94,5151.93,3.79
2021-05-01,PAPUA BARAT,594.84,2775.85,4.67
2021-06-01,PAPUA BARAT,591.29,2593.82,4.39
2021-07-01,PAPUA BARAT,19.88,52.37,2.63
2021-08-01,PAPUA BARAT,159.96,635.54,3.97
2021-09-01,PAPUA BARAT,1216.46,5181.53,4.26
2021-10-01,PAPUA BARAT,549.29,2239.57,4.08
2021-11-01,PAPUA BARAT,554.10,3320.54,5.99
2021-12-01,PAPUA BARAT,90.89,341.59,3.76
2018-01-01,PAPUA,132.36,576.80,4.36
2018-02-01,PAPUA,3128.48,14297.29,4.57
2018-03-01,PAPUA,8800.02,40292.09,4.58
2018-04-01,PAPUA,9121.24,41768.67,4.58
2018-05-01,PAPUA,4521.79,18666.55,4.13
2018-06-01,PAPUA,3923.54,15830.29,4.03
2018-07-01,PAPUA,6405.36,25847.98,4.04
2018-08-01,PAPUA,9391.35,37894.55,4.04
2018-09-01,PAPUA,4469.52,17874.13,4
2018-10-01,PAPUA,2296.34,9183.34,4
2018-11-01,PAPUA,176.45,705.70,4
2018-12-01,PAPUA,45.50,182.03,4
2019-01-01,PAPUA,649.60,2716.84,4.18
2019-02-01,PAPUA,640.93,2687.01,4.19
2019-03-01,PAPUA,2781.31,13183.64,4.74
2019-04-01,PAPUA,14886.64,73460.58,4.93
2019-05-01,PAPUA,7623.81,24749.03,3.25
2019-06-01,PAPUA,1064.62,3410.16,3.2
2019-07-01,PAPUA,2302.24,7450.21,3.24
2019-08-01,PAPUA,11129.12,36028.94,3.24
2019-09-01,PAPUA,9549.42,52446.73,5.49
2019-10-01,PAPUA,2422.98,13307.33,5.49
2019-11-01,PAPUA,740.23,4051.12,5.47
2019-12-01,PAPUA,340.82,1847.92,5.42
2020-01-01,PAPUA,351.91,1187.59,3.37
2020-02-01,PAPUA,500.69,1759.10,3.51
2020-03-01,PAPUA,938.32,3207.61,3.42
2020-04-01,PAPUA,8546.78,28692.61,3.36
2020-05-01,PAPUA,15471.07,46475.56,3
2020-06-01,PAPUA,1593.46,4790.52,3.01
2020-07-01,PAPUA,995.17,3015.64,3.03
2020-08-01,PAPUA,6860.86,20620.04,3.01
2020-09-01,PAPUA,12540.27,40365.23,3.22
2020-10-01,PAPUA,3645.58,11734.57,3.22
2020-11-01,PAPUA,746.74,2403.96,3.22
2020-12-01,PAPUA,536.67,1749.87,3.26
2021-01-01,PAPUA,1346.39,5885.57,4.37
2021-02-01,PAPUA,673.83,2927.75,4.34
2021-03-01,PAPUA,5821.51,25217.45,4.33
2021-04-01,PAPUA,13204.78,57199.82,4.33
2021-05-01,PAPUA,4472.24,23937.68,5.35
2021-06-01,PAPUA,2526.62,12158.06,4.81
2021-07-01,PAPUA,4963.36,26794.50,5.4
2021-08-01,PAPUA,10362.24,56394.08,5.44
2021-09-01,PAPUA,6096.86,21357.87,3.5
2021-10-01,PAPUA,2725.81,9560.80,3.51
2021-11-01,PAPUA,10904.95,38217.09,3.5
2021-12-01,PAPUA,1886.31,6629.13,3.51
